Time_ID,Time_Name,Time_Day,Time_Month_Year,Time_Month,Time_MonthNum,Time_Year,Time_DayOfWeek,Time_Qtr,Time_Julian
1/1/2016,Friday January 01 2016,1,January 2016,January,1,2016,Friday,1,1
1/2/2016,Saturday January 02 2016,2,January 2016,January,1,2016,Saturday,1,2
1/3/2016,Sunday January 03 2016,3,January 2016,January,1,2016,Sunday,1,3
1/4/2016,Monday January 04 2016,4,January 2016,January,1,2016,Monday,1,4
1/5/2016,Tuesday January 05 2016,5,January 2016,January,1,2016,Tuesday,1,5
1/6/2016,Wednesday January 06 2016,6,January 2016,January,1,2016,Wednesday,1,6
1/7/2016,Thursday January 07 2016,7,January 2016,January,1,2016,Thursday,1,7
1/8/2016,Friday January 08 2016,8,January 2016,January,1,2016,Friday,1,8
1/9/2016,Saturday January 09 2016,9,January 2016,January,1,2016,Saturday,1,9
1/10/2016,Sunday January 10 2016,10,January 2016,January,1,2016,Sunday,1,10
1/11/2016,Monday January 11 2016,11,January 2016,January,1,2016,Monday,1,11
1/12/2016,Tuesday January 12 2016,12,January 2016,January,1,2016,Tuesday,1,12
1/13/2016,Wednesday January 13 2016,13,January 2016,January,1,2016,Wednesday,1,13
1/14/2016,Thursday January 14 2016,14,January 2016,January,1,2016,Thursday,1,14
1/15/2016,Friday January 15 2016,15,January 2016,January,1,2016,Friday,1,15
1/16/2016,Saturday January 16 2016,16,January 2016,January,1,2016,Saturday,1,16
1/17/2016,Sunday January 17 2016,17,January 2016,January,1,2016,Sunday,1,17
1/18/2016,Monday January 18 2016,18,January 2016,January,1,2016,Monday,1,18
1/19/2016,Tuesday January 19 2016,19,January 2016,January,1,2016,Tuesday,1,19
1/20/2016,Wednesday January 20 2016,20,January 2016,January,1,2016,Wednesday,1,20
1/21/2016,Thursday January 21 2016,21,January 2016,January,1,2016,Thursday,1,21
1/22/2016,Friday January 22 2016,22,January 2016,January,1,2016,Friday,1,22
1/23/2016,Saturday January 23 2016,23,January 2016,January,1,2016,Saturday,1,23
1/24/2016,Sunday January 24 2016,24,January 2016,January,1,2016,Sunday,1,24
1/25/2016,Monday January 25 2016,25,January 2016,January,1,2016,Monday,1,25
1/26/2016,Tuesday January 26 2016,26,January 2016,January,1,2016,Tuesday,1,26
1/27/2016,Wednesday January 27 2016,27,January 2016,January,1,2016,Wednesday,1,27
1/28/2016,Thursday January 28 2016,28,January 2016,January,1,2016,Thursday,1,28
1/29/2016,Friday January 29 2016,29,January 2016,January,1,2016,Friday,1,29
1/30/2016,Saturday January 30 2016,30,January 2016,January,1,2016,Saturday,1,30
1/31/2016,Sunday January 31 2016,31,January 2016,January,1,2016,Sunday,1,31
2/1/2016,Monday February 01 2016,1,February 2016,February,2,2016,Monday,1,32
2/2/2016,Tuesday February 02 2016,2,February 2016,February,2,2016,Tuesday,1,33
2/3/2016,Wednesday February 03 2016,3,February 2016,February,2,2016,Wednesday,1,34
2/4/2016,Thursday February 04 2016,4,February 2016,February,2,2016,Thursday,1,35
2/5/2016,Friday February 05 2016,5,February 2016,February,2,2016,Friday,1,36
2/6/2016,Saturday February 06 2016,6,February 2016,February,2,2016,Saturday,1,37
2/7/2016,Sunday February 07 2016,7,February 2016,February,2,2016,Sunday,1,38
2/8/2016,Monday February 08 2016,8,February 2016,February,2,2016,Monday,1,39
2/9/2016,Tuesday February 09 2016,9,February 2016,February,2,2016,Tuesday,1,40
2/10/2016,Wednesday February 10 2016,10,February 2016,February,2,2016,Wednesday,1,41
2/11/2016,Thursday February 11 2016,11,February 2016,February,2,2016,Thursday,1,42
2/12/2016,Friday February 12 2016,12,February 2016,February,2,2016,Friday,1,43
2/13/2016,Saturday February 13 2016,13,February 2016,February,2,2016,Saturday,1,44
2/14/2016,Sunday February 14 2016,14,February 2016,February,2,2016,Sunday,1,45
2/15/2016,Monday February 15 2016,15,February 2016,February,2,2016,Monday,1,46
2/16/2016,Tuesday February 16 2016,16,February 2016,February,2,2016,Tuesday,1,47
2/17/2016,Wednesday February 17 2016,17,February 2016,February,2,2016,Wednesday,1,48
2/18/2016,Thursday February 18 2016,18,February 2016,February,2,2016,Thursday,1,49
2/19/2016,Friday February 19 2016,19,February 2016,February,2,2016,Friday,1,50
2/20/2016,Saturday February 20 2016,20,February 2016,February,2,2016,Saturday,1,51
2/21/2016,Sunday February 21 2016,21,February 2016,February,2,2016,Sunday,1,52
2/22/2016,Monday February 22 2016,22,February 2016,February,2,2016,Monday,1,53
2/23/2016,Tuesday February 23 2016,23,February 2016,February,2,2016,Tuesday,1,54
2/24/2016,Wednesday February 24 2016,24,February 2016,February,2,2016,Wednesday,1,55
2/25/2016,Thursday February 25 2016,25,February 2016,February,2,2016,Thursday,1,56
2/26/2016,Friday February 26 2016,26,February 2016,February,2,2016,Friday,1,57
2/27/2016,Saturday February 27 2016,27,February 2016,February,2,2016,Saturday,1,58
2/28/2016,Sunday February 28 2016,28,February 2016,February,2,2016,Sunday,1,59
2/29/2016,Monday February 29 2016,29,February 2016,February,2,2016,Monday,1,60
3/1/2016,Tuesday March 01 2016,1,March 2016,March,3,2016,Tuesday,1,61
3/2/2016,Wednesday March 02 2016,2,March 2016,March,3,2016,Wednesday,1,62
3/3/2016,Thursday March 03 2016,3,March 2016,March,3,2016,Thursday,1,63
3/4/2016,Friday March 04 2016,4,March 2016,March,3,2016,Friday,1,64
3/5/2016,Saturday March 05 2016,5,March 2016,March,3,2016,Saturday,1,65
3/6/2016,Sunday March 06 2016,6,March 2016,March,3,2016,Sunday,1,66
3/7/2016,Monday March 07 2016,7,March 2016,March,3,2016,Monday,1,67
3/8/2016,Tuesday March 08 2016,8,March 2016,March,3,2016,Tuesday,1,68
3/9/2016,Wednesday March 09 2016,9,March 2016,March,3,2016,Wednesday,1,69
3/10/2016,Thursday March 10 2016,10,March 2016,March,3,2016,Thursday,1,70
3/11/2016,Friday March 11 2016,11,March 2016,March,3,2016,Friday,1,71
3/12/2016,Saturday March 12 2016,12,March 2016,March,3,2016,Saturday,1,72
3/13/2016,Sunday March 13 2016,13,March 2016,March,3,2016,Sunday,1,73
3/14/2016,Monday March 14 2016,14,March 2016,March,3,2016,Monday,1,74
3/15/2016,Tuesday March 15 2016,15,March 2016,March,3,2016,Tuesday,1,75
3/16/2016,Wednesday March 16 2016,16,March 2016,March,3,2016,Wednesday,1,76
3/17/2016,Thursday March 17 2016,17,March 2016,March,3,2016,Thursday,1,77
3/18/2016,Friday March 18 2016,18,March 2016,March,3,2016,Friday,1,78
3/19/2016,Saturday March 19 2016,19,March 2016,March,3,2016,Saturday,1,79
3/20/2016,Sunday March 20 2016,20,March 2016,March,3,2016,Sunday,1,80
3/21/2016,Monday March 21 2016,21,March 2016,March,3,2016,Monday,1,81
3/22/2016,Tuesday March 22 2016,22,March 2016,March,3,2016,Tuesday,1,82
3/23/2016,Wednesday March 23 2016,23,March 2016,March,3,2016,Wednesday,1,83
3/24/2016,Thursday March 24 2016,24,March 2016,March,3,2016,Thursday,1,84
3/25/2016,Friday March 25 2016,25,March 2016,March,3,2016,Friday,1,85
3/26/2016,Saturday March 26 2016,26,March 2016,March,3,2016,Saturday,1,86
3/27/2016,Sunday March 27 2016,27,March 2016,March,3,2016,Sunday,1,87
3/28/2016,Monday March 28 2016,28,March 2016,March,3,2016,Monday,1,88
3/29/2016,Tuesday March 29 2016,29,March 2016,March,3,2016,Tuesday,1,89
3/30/2016,Wednesday March 30 2016,30,March 2016,March,3,2016,Wednesday,1,90
3/31/2016,Thursday March 31 2016,31,March 2016,March,3,2016,Thursday,1,91
4/1/2016,Friday April 01 2016,1,April 2016,April,4,2016,Friday,2,92
4/2/2016,Saturday April 02 2016,2,April 2016,April,4,2016,Saturday,2,93
4/3/2016,Sunday April 03 2016,3,April 2016,April,4,2016,Sunday,2,94
4/4/2016,Monday April 04 2016,4,April 2016,April,4,2016,Monday,2,95
4/5/2016,Tuesday April 05 2016,5,April 2016,April,4,2016,Tuesday,2,96
4/6/2016,Wednesday April 06 2016,6,April 2016,April,4,2016,Wednesday,2,97
4/7/2016,Thursday April 07 2016,7,April 2016,April,4,2016,Thursday,2,98
4/8/2016,Friday April 08 2016,8,April 2016,April,4,2016,Friday,2,99
4/9/2016,Saturday April 09 2016,9,April 2016,April,4,2016,Saturday,2,100
4/10/2016,Sunday April 10 2016,10,April 2016,April,4,2016,Sunday,2,101
4/11/2016,Monday April 11 2016,11,April 2016,April,4,2016,Monday,2,102
4/12/2016,Tuesday April 12 2016,12,April 2016,April,4,2016,Tuesday,2,103
4/13/2016,Wednesday April 13 2016,13,April 2016,April,4,2016,Wednesday,2,104
4/14/2016,Thursday April 14 2016,14,April 2016,April,4,2016,Thursday,2,105
4/15/2016,Friday April 15 2016,15,April 2016,April,4,2016,Friday,2,106
4/16/2016,Saturday April 16 2016,16,April 2016,April,4,2016,Saturday,2,107
4/17/2016,Sunday April 17 2016,17,April 2016,April,4,2016,Sunday,2,108
4/18/2016,Monday April 18 2016,18,April 2016,April,4,2016,Monday,2,109
4/19/2016,Tuesday April 19 2016,19,April 2016,April,4,2016,Tuesday,2,110
4/20/2016,Wednesday April 20 2016,20,April 2016,April,4,2016,Wednesday,2,111
4/21/2016,Thursday April 21 2016,21,April 2016,April,4,2016,Thursday,2,112
4/22/2016,Friday April 22 2016,22,April 2016,April,4,2016,Friday,2,113
4/23/2016,Saturday April 23 2016,23,April 2016,April,4,2016,Saturday,2,114
4/24/2016,Sunday April 24 2016,24,April 2016,April,4,2016,Sunday,2,115
4/25/2016,Monday April 25 2016,25,April 2016,April,4,2016,Monday,2,116
4/26/2016,Tuesday April 26 2016,26,April 2016,April,4,2016,Tuesday,2,117
4/27/2016,Wednesday April 27 2016,27,April 2016,April,4,2016,Wednesday,2,118
4/28/2016,Thursday April 28 2016,28,April 2016,April,4,2016,Thursday,2,119
4/29/2016,Friday April 29 2016,29,April 2016,April,4,2016,Friday,2,120
4/30/2016,Saturday April 30 2016,30,April 2016,April,4,2016,Saturday,2,121
5/1/2016,Sunday May 01 2016,1,May 2016,May,5,2016,Sunday,2,122
5/2/2016,Monday May 02 2016,2,May 2016,May,5,2016,Monday,2,123
5/3/2016,Tuesday May 03 2016,3,May 2016,May,5,2016,Tuesday,2,124
5/4/2016,Wednesday May 04 2016,4,May 2016,May,5,2016,Wednesday,2,125
5/5/2016,Thursday May 05 2016,5,May 2016,May,5,2016,Thursday,2,126
5/6/2016,Friday May 06 2016,6,May 2016,May,5,2016,Friday,2,127
5/7/2016,Saturday May 07 2016,7,May 2016,May,5,2016,Saturday,2,128
5/8/2016,Sunday May 08 2016,8,May 2016,May,5,2016,Sunday,2,129
5/9/2016,Monday May 09 2016,9,May 2016,May,5,2016,Monday,2,130
5/10/2016,Tuesday May 10 2016,10,May 2016,May,5,2016,Tuesday,2,131
5/11/2016,Wednesday May 11 2016,11,May 2016,May,5,2016,Wednesday,2,132
5/12/2016,Thursday May 12 2016,12,May 2016,May,5,2016,Thursday,2,133
5/13/2016,Friday May 13 2016,13,May 2016,May,5,2016,Friday,2,134
5/14/2016,Saturday May 14 2016,14,May 2016,May,5,2016,Saturday,2,135
5/15/2016,Sunday May 15 2016,15,May 2016,May,5,2016,Sunday,2,136
5/16/2016,Monday May 16 2016,16,May 2016,May,5,2016,Monday,2,137
5/17/2016,Tuesday May 17 2016,17,May 2016,May,5,2016,Tuesday,2,138
5/18/2016,Wednesday May 18 2016,18,May 2016,May,5,2016,Wednesday,2,139
5/19/2016,Thursday May 19 2016,19,May 2016,May,5,2016,Thursday,2,140
5/20/2016,Friday May 20 2016,20,May 2016,May,5,2016,Friday,2,141
5/21/2016,Saturday May 21 2016,21,May 2016,May,5,2016,Saturday,2,142
5/22/2016,Sunday May 22 2016,22,May 2016,May,5,2016,Sunday,2,143
5/23/2016,Monday May 23 2016,23,May 2016,May,5,2016,Monday,2,144
5/24/2016,Tuesday May 24 2016,24,May 2016,May,5,2016,Tuesday,2,145
5/25/2016,Wednesday May 25 2016,25,May 2016,May,5,2016,Wednesday,2,146
5/26/2016,Thursday May 26 2016,26,May 2016,May,5,2016,Thursday,2,147
5/27/2016,Friday May 27 2016,27,May 2016,May,5,2016,Friday,2,148
5/28/2016,Saturday May 28 2016,28,May 2016,May,5,2016,Saturday,2,149
5/29/2016,Sunday May 29 2016,29,May 2016,May,5,2016,Sunday,2,150
5/30/2016,Monday May 30 2016,30,May 2016,May,5,2016,Monday,2,151
5/31/2016,Tuesday May 31 2016,31,May 2016,May,5,2016,Tuesday,2,152
6/1/2016,Wednesday June 01 2016,1,June 2016,June,6,2016,Wednesday,2,153
6/2/2016,Thursday June 02 2016,2,June 2016,June,6,2016,Thursday,2,154
6/3/2016,Friday June 03 2016,3,June 2016,June,6,2016,Friday,2,155
6/4/2016,Saturday June 04 2016,4,June 2016,June,6,2016,Saturday,2,156
6/5/2016,Sunday June 05 2016,5,June 2016,June,6,2016,Sunday,2,157
6/6/2016,Monday June 06 2016,6,June 2016,June,6,2016,Monday,2,158
6/7/2016,Tuesday June 07 2016,7,June 2016,June,6,2016,Tuesday,2,159
6/8/2016,Wednesday June 08 2016,8,June 2016,June,6,2016,Wednesday,2,160
6/9/2016,Thursday June 09 2016,9,June 2016,June,6,2016,Thursday,2,161
6/10/2016,Friday June 10 2016,10,June 2016,June,6,2016,Friday,2,162
6/11/2016,Saturday June 11 2016,11,June 2016,June,6,2016,Saturday,2,163
6/12/2016,Sunday June 12 2016,12,June 2016,June,6,2016,Sunday,2,164
6/13/2016,Monday June 13 2016,13,June 2016,June,6,2016,Monday,2,165
6/14/2016,Tuesday June 14 2016,14,June 2016,June,6,2016,Tuesday,2,166
6/15/2016,Wednesday June 15 2016,15,June 2016,June,6,2016,Wednesday,2,167
6/16/2016,Thursday June 16 2016,16,June 2016,June,6,2016,Thursday,2,168
6/17/2016,Friday June 17 2016,17,June 2016,June,6,2016,Friday,2,169
6/18/2016,Saturday June 18 2016,18,June 2016,June,6,2016,Saturday,2,170
6/19/2016,Sunday June 19 2016,19,June 2016,June,6,2016,Sunday,2,171
6/20/2016,Monday June 20 2016,20,June 2016,June,6,2016,Monday,2,172
6/21/2016,Tuesday June 21 2016,21,June 2016,June,6,2016,Tuesday,2,173
6/22/2016,Wednesday June 22 2016,22,June 2016,June,6,2016,Wednesday,2,174
6/23/2016,Thursday June 23 2016,23,June 2016,June,6,2016,Thursday,2,175
6/24/2016,Friday June 24 2016,24,June 2016,June,6,2016,Friday,2,176
6/25/2016,Saturday June 25 2016,25,June 2016,June,6,2016,Saturday,2,177
6/26/2016,Sunday June 26 2016,26,June 2016,June,6,2016,Sunday,2,178
6/27/2016,Monday June 27 2016,27,June 2016,June,6,2016,Monday,2,179
6/28/2016,Tuesday June 28 2016,28,June 2016,June,6,2016,Tuesday,2,180
6/29/2016,Wednesday June 29 2016,29,June 2016,June,6,2016,Wednesday,2,181
6/30/2016,Thursday June 30 2016,30,June 2016,June,6,2016,Thursday,2,182
7/1/2016,Friday July 01 2016,1,July 2016,July,7,2016,Friday,3,183
7/2/2016,Saturday July 02 2016,2,July 2016,July,7,2016,Saturday,3,184
7/3/2016,Sunday July 03 2016,3,July 2016,July,7,2016,Sunday,3,185
7/4/2016,Monday July 04 2016,4,July 2016,July,7,2016,Monday,3,186
7/5/2016,Tuesday July 05 2016,5,July 2016,July,7,2016,Tuesday,3,187
7/6/2016,Wednesday July 06 2016,6,July 2016,July,7,2016,Wednesday,3,188
7/7/2016,Thursday July 07 2016,7,July 2016,July,7,2016,Thursday,3,189
7/8/2016,Friday July 08 2016,8,July 2016,July,7,2016,Friday,3,190
7/9/2016,Saturday July 09 2016,9,July 2016,July,7,2016,Saturday,3,191
7/10/2016,Sunday July 10 2016,10,July 2016,July,7,2016,Sunday,3,192
7/11/2016,Monday July 11 2016,11,July 2016,July,7,2016,Monday,3,193
7/12/2016,Tuesday July 12 2016,12,July 2016,July,7,2016,Tuesday,3,194
7/13/2016,Wednesday July 13 2016,13,July 2016,July,7,2016,Wednesday,3,195
7/14/2016,Thursday July 14 2016,14,July 2016,July,7,2016,Thursday,3,196
7/15/2016,Friday July 15 2016,15,July 2016,July,7,2016,Friday,3,197
7/16/2016,Saturday July 16 2016,16,July 2016,July,7,2016,Saturday,3,198
7/17/2016,Sunday July 17 2016,17,July 2016,July,7,2016,Sunday,3,199
7/18/2016,Monday July 18 2016,18,July 2016,July,7,2016,Monday,3,200
7/19/2016,Tuesday July 19 2016,19,July 2016,July,7,2016,Tuesday,3,201
7/20/2016,Wednesday July 20 2016,20,July 2016,July,7,2016,Wednesday,3,202
7/21/2016,Thursday July 21 2016,21,July 2016,July,7,2016,Thursday,3,203
7/22/2016,Friday July 22 2016,22,July 2016,July,7,2016,Friday,3,204
7/23/2016,Saturday July 23 2016,23,July 2016,July,7,2016,Saturday,3,205
7/24/2016,Sunday July 24 2016,24,July 2016,July,7,2016,Sunday,3,206
7/25/2016,Monday July 25 2016,25,July 2016,July,7,2016,Monday,3,207
7/26/2016,Tuesday July 26 2016,26,July 2016,July,7,2016,Tuesday,3,208
7/27/2016,Wednesday July 27 2016,27,July 2016,July,7,2016,Wednesday,3,209
7/28/2016,Thursday July 28 2016,28,July 2016,July,7,2016,Thursday,3,210
7/29/2016,Friday July 29 2016,29,July 2016,July,7,2016,Friday,3,211
7/30/2016,Saturday July 30 2016,30,July 2016,July,7,2016,Saturday,3,212
7/31/2016,Sunday July 31 2016,31,July 2016,July,7,2016,Sunday,3,213
8/1/2016,Monday August 01 2016,1,August 2016,August,8,2016,Monday,3,214
8/2/2016,Tuesday August 02 2016,2,August 2016,August,8,2016,Tuesday,3,215
8/3/2016,Wednesday August 03 2016,3,August 2016,August,8,2016,Wednesday,3,216
8/4/2016,Thursday August 04 2016,4,August 2016,August,8,2016,Thursday,3,217
8/5/2016,Friday August 05 2016,5,August 2016,August,8,2016,Friday,3,218
8/6/2016,Saturday August 06 2016,6,August 2016,August,8,2016,Saturday,3,219
8/7/2016,Sunday August 07 2016,7,August 2016,August,8,2016,Sunday,3,220
8/8/2016,Monday August 08 2016,8,August 2016,August,8,2016,Monday,3,221
8/9/2016,Tuesday August 09 2016,9,August 2016,August,8,2016,Tuesday,3,222
8/10/2016,Wednesday August 10 2016,10,August 2016,August,8,2016,Wednesday,3,223
8/11/2016,Thursday August 11 2016,11,August 2016,August,8,2016,Thursday,3,224
8/12/2016,Friday August 12 2016,12,August 2016,August,8,2016,Friday,3,225
8/13/2016,Saturday August 13 2016,13,August 2016,August,8,2016,Saturday,3,226
8/14/2016,Sunday August 14 2016,14,August 2016,August,8,2016,Sunday,3,227
8/15/2016,Monday August 15 2016,15,August 2016,August,8,2016,Monday,3,228
8/16/2016,Tuesday August 16 2016,16,August 2016,August,8,2016,Tuesday,3,229
8/17/2016,Wednesday August 17 2016,17,August 2016,August,8,2016,Wednesday,3,230
8/18/2016,Thursday August 18 2016,18,August 2016,August,8,2016,Thursday,3,231
8/19/2016,Friday August 19 2016,19,August 2016,August,8,2016,Friday,3,232
8/20/2016,Saturday August 20 2016,20,August 2016,August,8,2016,Saturday,3,233
8/21/2016,Sunday August 21 2016,21,August 2016,August,8,2016,Sunday,3,234
8/22/2016,Monday August 22 2016,22,August 2016,August,8,2016,Monday,3,235
8/23/2016,Tuesday August 23 2016,23,August 2016,August,8,2016,Tuesday,3,236
8/24/2016,Wednesday August 24 2016,24,August 2016,August,8,2016,Wednesday,3,237
8/25/2016,Thursday August 25 2016,25,August 2016,August,8,2016,Thursday,3,238
8/26/2016,Friday August 26 2016,26,August 2016,August,8,2016,Friday,3,239
8/27/2016,Saturday August 27 2016,27,August 2016,August,8,2016,Saturday,3,240
8/28/2016,Sunday August 28 2016,28,August 2016,August,8,2016,Sunday,3,241
8/29/2016,Monday August 29 2016,29,August 2016,August,8,2016,Monday,3,242
8/30/2016,Tuesday August 30 2016,30,August 2016,August,8,2016,Tuesday,3,243
8/31/2016,Wednesday August 31 2016,31,August 2016,August,8,2016,Wednesday,3,244
9/1/2016,Thursday September 01 2016,1,September 2016,September,9,2016,Thursday,3,245
9/2/2016,Friday September 02 2016,2,September 2016,September,9,2016,Friday,3,246
9/3/2016,Saturday September 03 2016,3,September 2016,September,9,2016,Saturday,3,247
9/4/2016,Sunday September 04 2016,4,September 2016,September,9,2016,Sunday,3,248
9/5/2016,Monday September 05 2016,5,September 2016,September,9,2016,Monday,3,249
9/6/2016,Tuesday September 06 2016,6,September 2016,September,9,2016,Tuesday,3,250
9/7/2016,Wednesday September 07 2016,7,September 2016,September,9,2016,Wednesday,3,251
9/8/2016,Thursday September 08 2016,8,September 2016,September,9,2016,Thursday,3,252
9/9/2016,Friday September 09 2016,9,September 2016,September,9,2016,Friday,3,253
9/10/2016,Saturday September 10 2016,10,September 2016,September,9,2016,Saturday,3,254
9/11/2016,Sunday September 11 2016,11,September 2016,September,9,2016,Sunday,3,255
9/12/2016,Monday September 12 2016,12,September 2016,September,9,2016,Monday,3,256
9/13/2016,Tuesday September 13 2016,13,September 2016,September,9,2016,Tuesday,3,257
9/14/2016,Wednesday September 14 2016,14,September 2016,September,9,2016,Wednesday,3,258
9/15/2016,Thursday September 15 2016,15,September 2016,September,9,2016,Thursday,3,259
9/16/2016,Friday September 16 2016,16,September 2016,September,9,2016,Friday,3,260
9/17/2016,Saturday September 17 2016,17,September 2016,September,9,2016,Saturday,3,261
9/18/2016,Sunday September 18 2016,18,September 2016,September,9,2016,Sunday,3,262
9/19/2016,Monday September 19 2016,19,September 2016,September,9,2016,Monday,3,263
9/20/2016,Tuesday September 20 2016,20,September 2016,September,9,2016,Tuesday,3,264
9/21/2016,Wednesday September 21 2016,21,September 2016,September,9,2016,Wednesday,3,265
9/22/2016,Thursday September 22 2016,22,September 2016,September,9,2016,Thursday,3,266
9/23/2016,Friday September 23 2016,23,September 2016,September,9,2016,Friday,3,267
9/24/2016,Saturday September 24 2016,24,September 2016,September,9,2016,Saturday,3,268
9/25/2016,Sunday September 25 2016,25,September 2016,September,9,2016,Sunday,3,269
9/26/2016,Monday September 26 2016,26,September 2016,September,9,2016,Monday,3,270
9/27/2016,Tuesday September 27 2016,27,September 2016,September,9,2016,Tuesday,3,271
9/28/2016,Wednesday September 28 2016,28,September 2016,September,9,2016,Wednesday,3,272
9/29/2016,Thursday September 29 2016,29,September 2016,September,9,2016,Thursday,3,273
9/30/2016,Friday September 30 2016,30,September 2016,September,9,2016,Friday,3,274
10/1/2016,Saturday October 01 2016,1,October 2016,October,10,2016,Saturday,4,275
10/2/2016,Sunday October 02 2016,2,October 2016,October,10,2016,Sunday,4,276
10/3/2016,Monday October 03 2016,3,October 2016,October,10,2016,Monday,4,277
10/4/2016,Tuesday October 04 2016,4,October 2016,October,10,2016,Tuesday,4,278
10/5/2016,Wednesday October 05 2016,5,October 2016,October,10,2016,Wednesday,4,279
10/6/2016,Thursday October 06 2016,6,October 2016,October,10,2016,Thursday,4,280
10/7/2016,Friday October 07 2016,7,October 2016,October,10,2016,Friday,4,281
10/8/2016,Saturday October 08 2016,8,October 2016,October,10,2016,Saturday,4,282
10/9/2016,Sunday October 09 2016,9,October 2016,October,10,2016,Sunday,4,283
10/10/2016,Monday October 10 2016,10,October 2016,October,10,2016,Monday,4,284
10/11/2016,Tuesday October 11 2016,11,October 2016,October,10,2016,Tuesday,4,285
10/12/2016,Wednesday October 12 2016,12,October 2016,October,10,2016,Wednesday,4,286
10/13/2016,Thursday October 13 2016,13,October 2016,October,10,2016,Thursday,4,287
10/14/2016,Friday October 14 2016,14,October 2016,October,10,2016,Friday,4,288
10/15/2016,Saturday October 15 2016,15,October 2016,October,10,2016,Saturday,4,289
10/16/2016,Sunday October 16 2016,16,October 2016,October,10,2016,Sunday,4,290
10/17/2016,Monday October 17 2016,17,October 2016,October,10,2016,Monday,4,291
10/18/2016,Tuesday October 18 2016,18,October 2016,October,10,2016,Tuesday,4,292
10/19/2016,Wednesday October 19 2016,19,October 2016,October,10,2016,Wednesday,4,293
10/20/2016,Thursday October 20 2016,20,October 2016,October,10,2016,Thursday,4,294
10/21/2016,Friday October 21 2016,21,October 2016,October,10,2016,Friday,4,295
10/22/2016,Saturday October 22 2016,22,October 2016,October,10,2016,Saturday,4,296
10/23/2016,Sunday October 23 2016,23,October 2016,October,10,2016,Sunday,4,297
10/24/2016,Monday October 24 2016,24,October 2016,October,10,2016,Monday,4,298
10/25/2016,Tuesday October 25 2016,25,October 2016,October,10,2016,Tuesday,4,299
10/26/2016,Wednesday October 26 2016,26,October 2016,October,10,2016,Wednesday,4,300
10/27/2016,Thursday October 27 2016,27,October 2016,October,10,2016,Thursday,4,301
10/28/2016,Friday October 28 2016,28,October 2016,October,10,2016,Friday,4,302
10/29/2016,Saturday October 29 2016,29,October 2016,October,10,2016,Saturday,4,303
10/30/2016,Sunday October 30 2016,30,October 2016,October,10,2016,Sunday,4,304
10/31/2016,Monday October 31 2016,31,October 2016,October,10,2016,Monday,4,305
11/1/2016,Tuesday November 01 2016,1,November 2016,November,11,2016,Tuesday,4,306
11/2/2016,Wednesday November 02 2016,2,November 2016,November,11,2016,Wednesday,4,307
11/3/2016,Thursday November 03 2016,3,November 2016,November,11,2016,Thursday,4,308
11/4/2016,Friday November 04 2016,4,November 2016,November,11,2016,Friday,4,309
11/5/2016,Saturday November 05 2016,5,November 2016,November,11,2016,Saturday,4,310
11/6/2016,Sunday November 06 2016,6,November 2016,November,11,2016,Sunday,4,311
11/7/2016,Monday November 07 2016,7,November 2016,November,11,2016,Monday,4,312
11/8/2016,Tuesday November 08 2016,8,November 2016,November,11,2016,Tuesday,4,313
11/9/2016,Wednesday November 09 2016,9,November 2016,November,11,2016,Wednesday,4,314
11/10/2016,Thursday November 10 2016,10,November 2016,November,11,2016,Thursday,4,315
11/11/2016,Friday November 11 2016,11,November 2016,November,11,2016,Friday,4,316
11/12/2016,Saturday November 12 2016,12,November 2016,November,11,2016,Saturday,4,317
11/13/2016,Sunday November 13 2016,13,November 2016,November,11,2016,Sunday,4,318
11/14/2016,Monday November 14 2016,14,November 2016,November,11,2016,Monday,4,319
11/15/2016,Tuesday November 15 2016,15,November 2016,November,11,2016,Tuesday,4,320
11/16/2016,Wednesday November 16 2016,16,November 2016,November,11,2016,Wednesday,4,321
11/17/2016,Thursday November 17 2016,17,November 2016,November,11,2016,Thursday,4,322
11/18/2016,Friday November 18 2016,18,November 2016,November,11,2016,Friday,4,323
11/19/2016,Saturday November 19 2016,19,November 2016,November,11,2016,Saturday,4,324
11/20/2016,Sunday November 20 2016,20,November 2016,November,11,2016,Sunday,4,325
11/21/2016,Monday November 21 2016,21,November 2016,November,11,2016,Monday,4,326
11/22/2016,Tuesday November 22 2016,22,November 2016,November,11,2016,Tuesday,4,327
11/23/2016,Wednesday November 23 2016,23,November 2016,November,11,2016,Wednesday,4,328
11/24/2016,Thursday November 24 2016,24,November 2016,November,11,2016,Thursday,4,329
11/25/2016,Friday November 25 2016,25,November 2016,November,11,2016,Friday,4,330
11/26/2016,Saturday November 26 2016,26,November 2016,November,11,2016,Saturday,4,331
11/27/2016,Sunday November 27 2016,27,November 2016,November,11,2016,Sunday,4,332
11/28/2016,Monday November 28 2016,28,November 2016,November,11,2016,Monday,4,333
11/29/2016,Tuesday November 29 2016,29,November 2016,November,11,2016,Tuesday,4,334
11/30/2016,Wednesday November 30 2016,30,November 2016,November,11,2016,Wednesday,4,335
12/1/2016,Thursday December 01 2016,1,December 2016,December,12,2016,Thursday,4,336
12/2/2016,Friday December 02 2016,2,December 2016,December,12,2016,Friday,4,337
12/3/2016,Saturday December 03 2016,3,December 2016,December,12,2016,Saturday,4,338
12/4/2016,Sunday December 04 2016,4,December 2016,December,12,2016,Sunday,4,339
12/5/2016,Monday December 05 2016,5,December 2016,December,12,2016,Monday,4,340
12/6/2016,Tuesday December 06 2016,6,December 2016,December,12,2016,Tuesday,4,341
12/7/2016,Wednesday December 07 2016,7,December 2016,December,12,2016,Wednesday,4,342
12/8/2016,Thursday December 08 2016,8,December 2016,December,12,2016,Thursday,4,343
12/9/2016,Friday December 09 2016,9,December 2016,December,12,2016,Friday,4,344
12/10/2016,Saturday December 10 2016,10,December 2016,December,12,2016,Saturday,4,345
12/11/2016,Sunday December 11 2016,11,December 2016,December,12,2016,Sunday,4,346
12/12/2016,Monday December 12 2016,12,December 2016,December,12,2016,Monday,4,347
12/13/2016,Tuesday December 13 2016,13,December 2016,December,12,2016,Tuesday,4,348
12/14/2016,Wednesday December 14 2016,14,December 2016,December,12,2016,Wednesday,4,349
12/15/2016,Thursday December 15 2016,15,December 2016,December,12,2016,Thursday,4,350
12/16/2016,Friday December 16 2016,16,December 2016,December,12,2016,Friday,4,351
12/17/2016,Saturday December 17 2016,17,December 2016,December,12,2016,Saturday,4,352
12/18/2016,Sunday December 18 2016,18,December 2016,December,12,2016,Sunday,4,353
12/19/2016,Monday December 19 2016,19,December 2016,December,12,2016,Monday,4,354
12/20/2016,Tuesday December 20 2016,20,December 2016,December,12,2016,Tuesday,4,355
12/21/2016,Wednesday December 21 2016,21,December 2016,December,12,2016,Wednesday,4,356
12/22/2016,Thursday December 22 2016,22,December 2016,December,12,2016,Thursday,4,357
12/23/2016,Friday December 23 2016,23,December 2016,December,12,2016,Friday,4,358
12/24/2016,Saturday December 24 2016,24,December 2016,December,12,2016,Saturday,4,359
12/25/2016,Sunday December 25 2016,25,December 2016,December,12,2016,Sunday,4,360
12/26/2016,Monday December 26 2016,26,December 2016,December,12,2016,Monday,4,361
12/27/2016,Tuesday December 27 2016,27,December 2016,December,12,2016,Tuesday,4,362
12/28/2016,Wednesday December 28 2016,28,December 2016,December,12,2016,Wednesday,4,363
12/29/2016,Thursday December 29 2016,29,December 2016,December,12,2016,Thursday,4,364
12/30/2016,Friday December 30 2016,30,December 2016,December,12,2016,Friday,4,365
12/31/2016,Saturday December 31 2016,31,December 2016,December,12,2016,Saturday,4,366
1/1/2017,Sunday January 01 2017,1,January 2017,January,1,2017,Sunday,1,1
1/2/2017,Monday January 02 2017,2,January 2017,January,1,2017,Monday,1,2
1/3/2017,Tuesday January 03 2017,3,January 2017,January,1,2017,Tuesday,1,3
1/4/2017,Wednesday January 04 2017,4,January 2017,January,1,2017,Wednesday,1,4
1/5/2017,Thursday January 05 2017,5,January 2017,January,1,2017,Thursday,1,5
1/6/2017,Friday January 06 2017,6,January 2017,January,1,2017,Friday,1,6
1/7/2017,Saturday January 07 2017,7,January 2017,January,1,2017,Saturday,1,7
1/8/2017,Sunday January 08 2017,8,January 2017,January,1,2017,Sunday,1,8
1/9/2017,Monday January 09 2017,9,January 2017,January,1,2017,Monday,1,9
1/10/2017,Tuesday January 10 2017,10,January 2017,January,1,2017,Tuesday,1,10
1/11/2017,Wednesday January 11 2017,11,January 2017,January,1,2017,Wednesday,1,11
1/12/2017,Thursday January 12 2017,12,January 2017,January,1,2017,Thursday,1,12
1/13/2017,Friday January 13 2017,13,January 2017,January,1,2017,Friday,1,13
1/14/2017,Saturday January 14 2017,14,January 2017,January,1,2017,Saturday,1,14
1/15/2017,Sunday January 15 2017,15,January 2017,January,1,2017,Sunday,1,15
1/16/2017,Monday January 16 2017,16,January 2017,January,1,2017,Monday,1,16
1/17/2017,Tuesday January 17 2017,17,January 2017,January,1,2017,Tuesday,1,17
1/18/2017,Wednesday January 18 2017,18,January 2017,January,1,2017,Wednesday,1,18
1/19/2017,Thursday January 19 2017,19,January 2017,January,1,2017,Thursday,1,19
1/20/2017,Friday January 20 2017,20,January 2017,January,1,2017,Friday,1,20
1/21/2017,Saturday January 21 2017,21,January 2017,January,1,2017,Saturday,1,21
1/22/2017,Sunday January 22 2017,22,January 2017,January,1,2017,Sunday,1,22
1/23/2017,Monday January 23 2017,23,January 2017,January,1,2017,Monday,1,23
1/24/2017,Tuesday January 24 2017,24,January 2017,January,1,2017,Tuesday,1,24
1/25/2017,Wednesday January 25 2017,25,January 2017,January,1,2017,Wednesday,1,25
1/26/2017,Thursday January 26 2017,26,January 2017,January,1,2017,Thursday,1,26
1/27/2017,Friday January 27 2017,27,January 2017,January,1,2017,Friday,1,27
1/28/2017,Saturday January 28 2017,28,January 2017,January,1,2017,Saturday,1,28
1/29/2017,Sunday January 29 2017,29,January 2017,January,1,2017,Sunday,1,29
1/30/2017,Monday January 30 2017,30,January 2017,January,1,2017,Monday,1,30
1/31/2017,Tuesday January 31 2017,31,January 2017,January,1,2017,Tuesday,1,31
2/1/2017,Wednesday February 01 2017,1,February 2017,February,2,2017,Wednesday,1,32
2/2/2017,Thursday February 02 2017,2,February 2017,February,2,2017,Thursday,1,33
2/3/2017,Friday February 03 2017,3,February 2017,February,2,2017,Friday,1,34
2/4/2017,Saturday February 04 2017,4,February 2017,February,2,2017,Saturday,1,35
2/5/2017,Sunday February 05 2017,5,February 2017,February,2,2017,Sunday,1,36
2/6/2017,Monday February 06 2017,6,February 2017,February,2,2017,Monday,1,37
2/7/2017,Tuesday February 07 2017,7,February 2017,February,2,2017,Tuesday,1,38
2/8/2017,Wednesday February 08 2017,8,February 2017,February,2,2017,Wednesday,1,39
2/9/2017,Thursday February 09 2017,9,February 2017,February,2,2017,Thursday,1,40
2/10/2017,Friday February 10 2017,10,February 2017,February,2,2017,Friday,1,41
2/11/2017,Saturday February 11 2017,11,February 2017,February,2,2017,Saturday,1,42
2/12/2017,Sunday February 12 2017,12,February 2017,February,2,2017,Sunday,1,43
2/13/2017,Monday February 13 2017,13,February 2017,February,2,2017,Monday,1,44
2/14/2017,Tuesday February 14 2017,14,February 2017,February,2,2017,Tuesday,1,45
2/15/2017,Wednesday February 15 2017,15,February 2017,February,2,2017,Wednesday,1,46
2/16/2017,Thursday February 16 2017,16,February 2017,February,2,2017,Thursday,1,47
2/17/2017,Friday February 17 2017,17,February 2017,February,2,2017,Friday,1,48
2/18/2017,Saturday February 18 2017,18,February 2017,February,2,2017,Saturday,1,49
2/19/2017,Sunday February 19 2017,19,February 2017,February,2,2017,Sunday,1,50
2/20/2017,Monday February 20 2017,20,February 2017,February,2,2017,Monday,1,51
2/21/2017,Tuesday February 21 2017,21,February 2017,February,2,2017,Tuesday,1,52
2/22/2017,Wednesday February 22 2017,22,February 2017,February,2,2017,Wednesday,1,53
2/23/2017,Thursday February 23 2017,23,February 2017,February,2,2017,Thursday,1,54
2/24/2017,Friday February 24 2017,24,February 2017,February,2,2017,Friday,1,55
2/25/2017,Saturday February 25 2017,25,February 2017,February,2,2017,Saturday,1,56
2/26/2017,Sunday February 26 2017,26,February 2017,February,2,2017,Sunday,1,57
2/27/2017,Monday February 27 2017,27,February 2017,February,2,2017,Monday,1,58
2/28/2017,Tuesday February 28 2017,28,February 2017,February,2,2017,Tuesday,1,59
3/1/2017,Wednesday March 01 2017,1,March 2017,March,3,2017,Wednesday,1,60
3/2/2017,Thursday March 02 2017,2,March 2017,March,3,2017,Thursday,1,61
3/3/2017,Friday March 03 2017,3,March 2017,March,3,2017,Friday,1,62
3/4/2017,Saturday March 04 2017,4,March 2017,March,3,2017,Saturday,1,63
3/5/2017,Sunday March 05 2017,5,March 2017,March,3,2017,Sunday,1,64
3/6/2017,Monday March 06 2017,6,March 2017,March,3,2017,Monday,1,65
3/7/2017,Tuesday March 07 2017,7,March 2017,March,3,2017,Tuesday,1,66
3/8/2017,Wednesday March 08 2017,8,March 2017,March,3,2017,Wednesday,1,67
3/9/2017,Thursday March 09 2017,9,March 2017,March,3,2017,Thursday,1,68
3/10/2017,Friday March 10 2017,10,March 2017,March,3,2017,Friday,1,69
3/11/2017,Saturday March 11 2017,11,March 2017,March,3,2017,Saturday,1,70
3/12/2017,Sunday March 12 2017,12,March 2017,March,3,2017,Sunday,1,71
3/13/2017,Monday March 13 2017,13,March 2017,March,3,2017,Monday,1,72
3/14/2017,Tuesday March 14 2017,14,March 2017,March,3,2017,Tuesday,1,73
3/15/2017,Wednesday March 15 2017,15,March 2017,March,3,2017,Wednesday,1,74
3/16/2017,Thursday March 16 2017,16,March 2017,March,3,2017,Thursday,1,75
3/17/2017,Friday March 17 2017,17,March 2017,March,3,2017,Friday,1,76
3/18/2017,Saturday March 18 2017,18,March 2017,March,3,2017,Saturday,1,77
3/19/2017,Sunday March 19 2017,19,March 2017,March,3,2017,Sunday,1,78
3/20/2017,Monday March 20 2017,20,March 2017,March,3,2017,Monday,1,79
3/21/2017,Tuesday March 21 2017,21,March 2017,March,3,2017,Tuesday,1,80
3/22/2017,Wednesday March 22 2017,22,March 2017,March,3,2017,Wednesday,1,81
3/23/2017,Thursday March 23 2017,23,March 2017,March,3,2017,Thursday,1,82
3/24/2017,Friday March 24 2017,24,March 2017,March,3,2017,Friday,1,83
3/25/2017,Saturday March 25 2017,25,March 2017,March,3,2017,Saturday,1,84
3/26/2017,Sunday March 26 2017,26,March 2017,March,3,2017,Sunday,1,85
3/27/2017,Monday March 27 2017,27,March 2017,March,3,2017,Monday,1,86
3/28/2017,Tuesday March 28 2017,28,March 2017,March,3,2017,Tuesday,1,87
3/29/2017,Wednesday March 29 2017,29,March 2017,March,3,2017,Wednesday,1,88
3/30/2017,Thursday March 30 2017,30,March 2017,March,3,2017,Thursday,1,89
3/31/2017,Friday March 31 2017,31,March 2017,March,3,2017,Friday,1,90
4/1/2017,Saturday April 01 2017,1,April 2017,April,4,2017,Saturday,2,91
4/2/2017,Sunday April 02 2017,2,April 2017,April,4,2017,Sunday,2,92
4/3/2017,Monday April 03 2017,3,April 2017,April,4,2017,Monday,2,93
4/4/2017,Tuesday April 04 2017,4,April 2017,April,4,2017,Tuesday,2,94
4/5/2017,Wednesday April 05 2017,5,April 2017,April,4,2017,Wednesday,2,95
4/6/2017,Thursday April 06 2017,6,April 2017,April,4,2017,Thursday,2,96
4/7/2017,Friday April 07 2017,7,April 2017,April,4,2017,Friday,2,97
4/8/2017,Saturday April 08 2017,8,April 2017,April,4,2017,Saturday,2,98
4/9/2017,Sunday April 09 2017,9,April 2017,April,4,2017,Sunday,2,99
4/10/2017,Monday April 10 2017,10,April 2017,April,4,2017,Monday,2,100
4/11/2017,Tuesday April 11 2017,11,April 2017,April,4,2017,Tuesday,2,101
4/12/2017,Wednesday April 12 2017,12,April 2017,April,4,2017,Wednesday,2,102
4/13/2017,Thursday April 13 2017,13,April 2017,April,4,2017,Thursday,2,103
4/14/2017,Friday April 14 2017,14,April 2017,April,4,2017,Friday,2,104
4/15/2017,Saturday April 15 2017,15,April 2017,April,4,2017,Saturday,2,105
4/16/2017,Sunday April 16 2017,16,April 2017,April,4,2017,Sunday,2,106
4/17/2017,Monday April 17 2017,17,April 2017,April,4,2017,Monday,2,107
4/18/2017,Tuesday April 18 2017,18,April 2017,April,4,2017,Tuesday,2,108
4/19/2017,Wednesday April 19 2017,19,April 2017,April,4,2017,Wednesday,2,109
4/20/2017,Thursday April 20 2017,20,April 2017,April,4,2017,Thursday,2,110
4/21/2017,Friday April 21 2017,21,April 2017,April,4,2017,Friday,2,111
4/22/2017,Saturday April 22 2017,22,April 2017,April,4,2017,Saturday,2,112
4/23/2017,Sunday April 23 2017,23,April 2017,April,4,2017,Sunday,2,113
4/24/2017,Monday April 24 2017,24,April 2017,April,4,2017,Monday,2,114
4/25/2017,Tuesday April 25 2017,25,April 2017,April,4,2017,Tuesday,2,115
4/26/2017,Wednesday April 26 2017,26,April 2017,April,4,2017,Wednesday,2,116
4/27/2017,Thursday April 27 2017,27,April 2017,April,4,2017,Thursday,2,117
4/28/2017,Friday April 28 2017,28,April 2017,April,4,2017,Friday,2,118
4/29/2017,Saturday April 29 2017,29,April 2017,April,4,2017,Saturday,2,119
4/30/2017,Sunday April 30 2017,30,April 2017,April,4,2017,Sunday,2,120
5/1/2017,Monday May 01 2017,1,May 2017,May,5,2017,Monday,2,121
5/2/2017,Tuesday May 02 2017,2,May 2017,May,5,2017,Tuesday,2,122
5/3/2017,Wednesday May 03 2017,3,May 2017,May,5,2017,Wednesday,2,123
5/4/2017,Thursday May 04 2017,4,May 2017,May,5,2017,Thursday,2,124
5/5/2017,Friday May 05 2017,5,May 2017,May,5,2017,Friday,2,125
5/6/2017,Saturday May 06 2017,6,May 2017,May,5,2017,Saturday,2,126
5/7/2017,Sunday May 07 2017,7,May 2017,May,5,2017,Sunday,2,127
5/8/2017,Monday May 08 2017,8,May 2017,May,5,2017,Monday,2,128
5/9/2017,Tuesday May 09 2017,9,May 2017,May,5,2017,Tuesday,2,129
5/10/2017,Wednesday May 10 2017,10,May 2017,May,5,2017,Wednesday,2,130
5/11/2017,Thursday May 11 2017,11,May 2017,May,5,2017,Thursday,2,131
5/12/2017,Friday May 12 2017,12,May 2017,May,5,2017,Friday,2,132
5/13/2017,Saturday May 13 2017,13,May 2017,May,5,2017,Saturday,2,133
5/14/2017,Sunday May 14 2017,14,May 2017,May,5,2017,Sunday,2,134
5/15/2017,Monday May 15 2017,15,May 2017,May,5,2017,Monday,2,135
5/16/2017,Tuesday May 16 2017,16,May 2017,May,5,2017,Tuesday,2,136
5/17/2017,Wednesday May 17 2017,17,May 2017,May,5,2017,Wednesday,2,137
5/18/2017,Thursday May 18 2017,18,May 2017,May,5,2017,Thursday,2,138
5/19/2017,Friday May 19 2017,19,May 2017,May,5,2017,Friday,2,139
5/20/2017,Saturday May 20 2017,20,May 2017,May,5,2017,Saturday,2,140
5/21/2017,Sunday May 21 2017,21,May 2017,May,5,2017,Sunday,2,141
5/22/2017,Monday May 22 2017,22,May 2017,May,5,2017,Monday,2,142
5/23/2017,Tuesday May 23 2017,23,May 2017,May,5,2017,Tuesday,2,143
5/24/2017,Wednesday May 24 2017,24,May 2017,May,5,2017,Wednesday,2,144
5/25/2017,Thursday May 25 2017,25,May 2017,May,5,2017,Thursday,2,145
5/26/2017,Friday May 26 2017,26,May 2017,May,5,2017,Friday,2,146
5/27/2017,Saturday May 27 2017,27,May 2017,May,5,2017,Saturday,2,147
5/28/2017,Sunday May 28 2017,28,May 2017,May,5,2017,Sunday,2,148
5/29/2017,Monday May 29 2017,29,May 2017,May,5,2017,Monday,2,149
5/30/2017,Tuesday May 30 2017,30,May 2017,May,5,2017,Tuesday,2,150
5/31/2017,Wednesday May 31 2017,31,May 2017,May,5,2017,Wednesday,2,151
6/1/2017,Thursday June 01 2017,1,June 2017,June,6,2017,Thursday,2,152
6/2/2017,Friday June 02 2017,2,June 2017,June,6,2017,Friday,2,153
6/3/2017,Saturday June 03 2017,3,June 2017,June,6,2017,Saturday,2,154
6/4/2017,Sunday June 04 2017,4,June 2017,June,6,2017,Sunday,2,155
6/5/2017,Monday June 05 2017,5,June 2017,June,6,2017,Monday,2,156
6/6/2017,Tuesday June 06 2017,6,June 2017,June,6,2017,Tuesday,2,157
6/7/2017,Wednesday June 07 2017,7,June 2017,June,6,2017,Wednesday,2,158
6/8/2017,Thursday June 08 2017,8,June 2017,June,6,2017,Thursday,2,159
6/9/2017,Friday June 09 2017,9,June 2017,June,6,2017,Friday,2,160
6/10/2017,Saturday June 10 2017,10,June 2017,June,6,2017,Saturday,2,161
6/11/2017,Sunday June 11 2017,11,June 2017,June,6,2017,Sunday,2,162
6/12/2017,Monday June 12 2017,12,June 2017,June,6,2017,Monday,2,163
6/13/2017,Tuesday June 13 2017,13,June 2017,June,6,2017,Tuesday,2,164
6/14/2017,Wednesday June 14 2017,14,June 2017,June,6,2017,Wednesday,2,165
6/15/2017,Thursday June 15 2017,15,June 2017,June,6,2017,Thursday,2,166
6/16/2017,Friday June 16 2017,16,June 2017,June,6,2017,Friday,2,167
6/17/2017,Saturday June 17 2017,17,June 2017,June,6,2017,Saturday,2,168
6/18/2017,Sunday June 18 2017,18,June 2017,June,6,2017,Sunday,2,169
6/19/2017,Monday June 19 2017,19,June 2017,June,6,2017,Monday,2,170
6/20/2017,Tuesday June 20 2017,20,June 2017,June,6,2017,Tuesday,2,171
6/21/2017,Wednesday June 21 2017,21,June 2017,June,6,2017,Wednesday,2,172
6/22/2017,Thursday June 22 2017,22,June 2017,June,6,2017,Thursday,2,173
6/23/2017,Friday June 23 2017,23,June 2017,June,6,2017,Friday,2,174
6/24/2017,Saturday June 24 2017,24,June 2017,June,6,2017,Saturday,2,175
6/25/2017,Sunday June 25 2017,25,June 2017,June,6,2017,Sunday,2,176
6/26/2017,Monday June 26 2017,26,June 2017,June,6,2017,Monday,2,177
6/27/2017,Tuesday June 27 2017,27,June 2017,June,6,2017,Tuesday,2,178
6/28/2017,Wednesday June 28 2017,28,June 2017,June,6,2017,Wednesday,2,179
6/29/2017,Thursday June 29 2017,29,June 2017,June,6,2017,Thursday,2,180
6/30/2017,Friday June 30 2017,30,June 2017,June,6,2017,Friday,2,181
7/1/2017,Saturday July 01 2017,1,July 2017,July,7,2017,Saturday,3,182
7/2/2017,Sunday July 02 2017,2,July 2017,July,7,2017,Sunday,3,183
7/3/2017,Monday July 03 2017,3,July 2017,July,7,2017,Monday,3,184
7/4/2017,Tuesday July 04 2017,4,July 2017,July,7,2017,Tuesday,3,185
7/5/2017,Wednesday July 05 2017,5,July 2017,July,7,2017,Wednesday,3,186
7/6/2017,Thursday July 06 2017,6,July 2017,July,7,2017,Thursday,3,187
7/7/2017,Friday July 07 2017,7,July 2017,July,7,2017,Friday,3,188
7/8/2017,Saturday July 08 2017,8,July 2017,July,7,2017,Saturday,3,189
7/9/2017,Sunday July 09 2017,9,July 2017,July,7,2017,Sunday,3,190
7/10/2017,Monday July 10 2017,10,July 2017,July,7,2017,Monday,3,191
7/11/2017,Tuesday July 11 2017,11,July 2017,July,7,2017,Tuesday,3,192
7/12/2017,Wednesday July 12 2017,12,July 2017,July,7,2017,Wednesday,3,193
7/13/2017,Thursday July 13 2017,13,July 2017,July,7,2017,Thursday,3,194
7/14/2017,Friday July 14 2017,14,July 2017,July,7,2017,Friday,3,195
7/15/2017,Saturday July 15 2017,15,July 2017,July,7,2017,Saturday,3,196
7/16/2017,Sunday July 16 2017,16,July 2017,July,7,2017,Sunday,3,197
7/17/2017,Monday July 17 2017,17,July 2017,July,7,2017,Monday,3,198
7/18/2017,Tuesday July 18 2017,18,July 2017,July,7,2017,Tuesday,3,199
7/19/2017,Wednesday July 19 2017,19,July 2017,July,7,2017,Wednesday,3,200
7/20/2017,Thursday July 20 2017,20,July 2017,July,7,2017,Thursday,3,201
7/21/2017,Friday July 21 2017,21,July 2017,July,7,2017,Friday,3,202
7/22/2017,Saturday July 22 2017,22,July 2017,July,7,2017,Saturday,3,203
7/23/2017,Sunday July 23 2017,23,July 2017,July,7,2017,Sunday,3,204
7/24/2017,Monday July 24 2017,24,July 2017,July,7,2017,Monday,3,205
7/25/2017,Tuesday July 25 2017,25,July 2017,July,7,2017,Tuesday,3,206
7/26/2017,Wednesday July 26 2017,26,July 2017,July,7,2017,Wednesday,3,207
7/27/2017,Thursday July 27 2017,27,July 2017,July,7,2017,Thursday,3,208
7/28/2017,Friday July 28 2017,28,July 2017,July,7,2017,Friday,3,209
7/29/2017,Saturday July 29 2017,29,July 2017,July,7,2017,Saturday,3,210
7/30/2017,Sunday July 30 2017,30,July 2017,July,7,2017,Sunday,3,211
7/31/2017,Monday July 31 2017,31,July 2017,July,7,2017,Monday,3,212
8/1/2017,Tuesday August 01 2017,1,August 2017,August,8,2017,Tuesday,3,213
8/2/2017,Wednesday August 02 2017,2,August 2017,August,8,2017,Wednesday,3,214
8/3/2017,Thursday August 03 2017,3,August 2017,August,8,2017,Thursday,3,215
8/4/2017,Friday August 04 2017,4,August 2017,August,8,2017,Friday,3,216
8/5/2017,Saturday August 05 2017,5,August 2017,August,8,2017,Saturday,3,217
8/6/2017,Sunday August 06 2017,6,August 2017,August,8,2017,Sunday,3,218
8/7/2017,Monday August 07 2017,7,August 2017,August,8,2017,Monday,3,219
8/8/2017,Tuesday August 08 2017,8,August 2017,August,8,2017,Tuesday,3,220
8/9/2017,Wednesday August 09 2017,9,August 2017,August,8,2017,Wednesday,3,221
8/10/2017,Thursday August 10 2017,10,August 2017,August,8,2017,Thursday,3,222
8/11/2017,Friday August 11 2017,11,August 2017,August,8,2017,Friday,3,223
8/12/2017,Saturday August 12 2017,12,August 2017,August,8,2017,Saturday,3,224
8/13/2017,Sunday August 13 2017,13,August 2017,August,8,2017,Sunday,3,225
8/14/2017,Monday August 14 2017,14,August 2017,August,8,2017,Monday,3,226
8/15/2017,Tuesday August 15 2017,15,August 2017,August,8,2017,Tuesday,3,227
8/16/2017,Wednesday August 16 2017,16,August 2017,August,8,2017,Wednesday,3,228
8/17/2017,Thursday August 17 2017,17,August 2017,August,8,2017,Thursday,3,229
8/18/2017,Friday August 18 2017,18,August 2017,August,8,2017,Friday,3,230
8/19/2017,Saturday August 19 2017,19,August 2017,August,8,2017,Saturday,3,231
8/20/2017,Sunday August 20 2017,20,August 2017,August,8,2017,Sunday,3,232
8/21/2017,Monday August 21 2017,21,August 2017,August,8,2017,Monday,3,233
8/22/2017,Tuesday August 22 2017,22,August 2017,August,8,2017,Tuesday,3,234
8/23/2017,Wednesday August 23 2017,23,August 2017,August,8,2017,Wednesday,3,235
8/24/2017,Thursday August 24 2017,24,August 2017,August,8,2017,Thursday,3,236
8/25/2017,Friday August 25 2017,25,August 2017,August,8,2017,Friday,3,237
8/26/2017,Saturday August 26 2017,26,August 2017,August,8,2017,Saturday,3,238
8/27/2017,Sunday August 27 2017,27,August 2017,August,8,2017,Sunday,3,239
8/28/2017,Monday August 28 2017,28,August 2017,August,8,2017,Monday,3,240
8/29/2017,Tuesday August 29 2017,29,August 2017,August,8,2017,Tuesday,3,241
8/30/2017,Wednesday August 30 2017,30,August 2017,August,8,2017,Wednesday,3,242
8/31/2017,Thursday August 31 2017,31,August 2017,August,8,2017,Thursday,3,243
9/1/2017,Friday September 01 2017,1,September 2017,September,9,2017,Friday,3,244
9/2/2017,Saturday September 02 2017,2,September 2017,September,9,2017,Saturday,3,245
9/3/2017,Sunday September 03 2017,3,September 2017,September,9,2017,Sunday,3,246
9/4/2017,Monday September 04 2017,4,September 2017,September,9,2017,Monday,3,247
9/5/2017,Tuesday September 05 2017,5,September 2017,September,9,2017,Tuesday,3,248
9/6/2017,Wednesday September 06 2017,6,September 2017,September,9,2017,Wednesday,3,249
9/7/2017,Thursday September 07 2017,7,September 2017,September,9,2017,Thursday,3,250
9/8/2017,Friday September 08 2017,8,September 2017,September,9,2017,Friday,3,251
9/9/2017,Saturday September 09 2017,9,September 2017,September,9,2017,Saturday,3,252
9/10/2017,Sunday September 10 2017,10,September 2017,September,9,2017,Sunday,3,253
9/11/2017,Monday September 11 2017,11,September 2017,September,9,2017,Monday,3,254
9/12/2017,Tuesday September 12 2017,12,September 2017,September,9,2017,Tuesday,3,255
9/13/2017,Wednesday September 13 2017,13,September 2017,September,9,2017,Wednesday,3,256
9/14/2017,Thursday September 14 2017,14,September 2017,September,9,2017,Thursday,3,257
9/15/2017,Friday September 15 2017,15,September 2017,September,9,2017,Friday,3,258
9/16/2017,Saturday September 16 2017,16,September 2017,September,9,2017,Saturday,3,259
9/17/2017,Sunday September 17 2017,17,September 2017,September,9,2017,Sunday,3,260
9/18/2017,Monday September 18 2017,18,September 2017,September,9,2017,Monday,3,261
9/19/2017,Tuesday September 19 2017,19,September 2017,September,9,2017,Tuesday,3,262
9/20/2017,Wednesday September 20 2017,20,September 2017,September,9,2017,Wednesday,3,263
9/21/2017,Thursday September 21 2017,21,September 2017,September,9,2017,Thursday,3,264
9/22/2017,Friday September 22 2017,22,September 2017,September,9,2017,Friday,3,265
9/23/2017,Saturday September 23 2017,23,September 2017,September,9,2017,Saturday,3,266
9/24/2017,Sunday September 24 2017,24,September 2017,September,9,2017,Sunday,3,267
9/25/2017,Monday September 25 2017,25,September 2017,September,9,2017,Monday,3,268
9/26/2017,Tuesday September 26 2017,26,September 2017,September,9,2017,Tuesday,3,269
9/27/2017,Wednesday September 27 2017,27,September 2017,September,9,2017,Wednesday,3,270
9/28/2017,Thursday September 28 2017,28,September 2017,September,9,2017,Thursday,3,271
9/29/2017,Friday September 29 2017,29,September 2017,September,9,2017,Friday,3,272
9/30/2017,Saturday September 30 2017,30,September 2017,September,9,2017,Saturday,3,273
10/1/2017,Sunday October 01 2017,1,October 2017,October,10,2017,Sunday,4,274
10/2/2017,Monday October 02 2017,2,October 2017,October,10,2017,Monday,4,275
10/3/2017,Tuesday October 03 2017,3,October 2017,October,10,2017,Tuesday,4,276
10/4/2017,Wednesday October 04 2017,4,October 2017,October,10,2017,Wednesday,4,277
10/5/2017,Thursday October 05 2017,5,October 2017,October,10,2017,Thursday,4,278
10/6/2017,Friday October 06 2017,6,October 2017,October,10,2017,Friday,4,279
10/7/2017,Saturday October 07 2017,7,October 2017,October,10,2017,Saturday,4,280
10/8/2017,Sunday October 08 2017,8,October 2017,October,10,2017,Sunday,4,281
10/9/2017,Monday October 09 2017,9,October 2017,October,10,2017,Monday,4,282
10/10/2017,Tuesday October 10 2017,10,October 2017,October,10,2017,Tuesday,4,283
10/11/2017,Wednesday October 11 2017,11,October 2017,October,10,2017,Wednesday,4,284
10/12/2017,Thursday October 12 2017,12,October 2017,October,10,2017,Thursday,4,285
10/13/2017,Friday October 13 2017,13,October 2017,October,10,2017,Friday,4,286
10/14/2017,Saturday October 14 2017,14,October 2017,October,10,2017,Saturday,4,287
10/15/2017,Sunday October 15 2017,15,October 2017,October,10,2017,Sunday,4,288
10/16/2017,Monday October 16 2017,16,October 2017,October,10,2017,Monday,4,289
10/17/2017,Tuesday October 17 2017,17,October 2017,October,10,2017,Tuesday,4,290
10/18/2017,Wednesday October 18 2017,18,October 2017,October,10,2017,Wednesday,4,291
10/19/2017,Thursday October 19 2017,19,October 2017,October,10,2017,Thursday,4,292
10/20/2017,Friday October 20 2017,20,October 2017,October,10,2017,Friday,4,293
10/21/2017,Saturday October 21 2017,21,October 2017,October,10,2017,Saturday,4,294
10/22/2017,Sunday October 22 2017,22,October 2017,October,10,2017,Sunday,4,295
10/23/2017,Monday October 23 2017,23,October 2017,October,10,2017,Monday,4,296
10/24/2017,Tuesday October 24 2017,24,October 2017,October,10,2017,Tuesday,4,297
10/25/2017,Wednesday October 25 2017,25,October 2017,October,10,2017,Wednesday,4,298
10/26/2017,Thursday October 26 2017,26,October 2017,October,10,2017,Thursday,4,299
10/27/2017,Friday October 27 2017,27,October 2017,October,10,2017,Friday,4,300
10/28/2017,Saturday October 28 2017,28,October 2017,October,10,2017,Saturday,4,301
10/29/2017,Sunday October 29 2017,29,October 2017,October,10,2017,Sunday,4,302
10/30/2017,Monday October 30 2017,30,October 2017,October,10,2017,Monday,4,303
10/31/2017,Tuesday October 31 2017,31,October 2017,October,10,2017,Tuesday,4,304
11/1/2017,Wednesday November 01 2017,1,November 2017,November,11,2017,Wednesday,4,305
11/2/2017,Thursday November 02 2017,2,November 2017,November,11,2017,Thursday,4,306
11/3/2017,Friday November 03 2017,3,November 2017,November,11,2017,Friday,4,307
11/4/2017,Saturday November 04 2017,4,November 2017,November,11,2017,Saturday,4,308
11/5/2017,Sunday November 05 2017,5,November 2017,November,11,2017,Sunday,4,309
11/6/2017,Monday November 06 2017,6,November 2017,November,11,2017,Monday,4,310
11/7/2017,Tuesday November 07 2017,7,November 2017,November,11,2017,Tuesday,4,311
11/8/2017,Wednesday November 08 2017,8,November 2017,November,11,2017,Wednesday,4,312
11/9/2017,Thursday November 09 2017,9,November 2017,November,11,2017,Thursday,4,313
11/10/2017,Friday November 10 2017,10,November 2017,November,11,2017,Friday,4,314
11/11/2017,Saturday November 11 2017,11,November 2017,November,11,2017,Saturday,4,315
11/12/2017,Sunday November 12 2017,12,November 2017,November,11,2017,Sunday,4,316
11/13/2017,Monday November 13 2017,13,November 2017,November,11,2017,Monday,4,317
11/14/2017,Tuesday November 14 2017,14,November 2017,November,11,2017,Tuesday,4,318
11/15/2017,Wednesday November 15 2017,15,November 2017,November,11,2017,Wednesday,4,319
11/16/2017,Thursday November 16 2017,16,November 2017,November,11,2017,Thursday,4,320
11/17/2017,Friday November 17 2017,17,November 2017,November,11,2017,Friday,4,321
11/18/2017,Saturday November 18 2017,18,November 2017,November,11,2017,Saturday,4,322
11/19/2017,Sunday November 19 2017,19,November 2017,November,11,2017,Sunday,4,323
11/20/2017,Monday November 20 2017,20,November 2017,November,11,2017,Monday,4,324
11/21/2017,Tuesday November 21 2017,21,November 2017,November,11,2017,Tuesday,4,325
11/22/2017,Wednesday November 22 2017,22,November 2017,November,11,2017,Wednesday,4,326
11/23/2017,Thursday November 23 2017,23,November 2017,November,11,2017,Thursday,4,327
11/24/2017,Friday November 24 2017,24,November 2017,November,11,2017,Friday,4,328
11/25/2017,Saturday November 25 2017,25,November 2017,November,11,2017,Saturday,4,329
11/26/2017,Sunday November 26 2017,26,November 2017,November,11,2017,Sunday,4,330
11/27/2017,Monday November 27 2017,27,November 2017,November,11,2017,Monday,4,331
11/28/2017,Tuesday November 28 2017,28,November 2017,November,11,2017,Tuesday,4,332
11/29/2017,Wednesday November 29 2017,29,November 2017,November,11,2017,Wednesday,4,333
11/30/2017,Thursday November 30 2017,30,November 2017,November,11,2017,Thursday,4,334
12/1/2017,Friday December 01 2017,1,December 2017,December,12,2017,Friday,4,335
12/2/2017,Saturday December 02 2017,2,December 2017,December,12,2017,Saturday,4,336
12/3/2017,Sunday December 03 2017,3,December 2017,December,12,2017,Sunday,4,337
12/4/2017,Monday December 04 2017,4,December 2017,December,12,2017,Monday,4,338
12/5/2017,Tuesday December 05 2017,5,December 2017,December,12,2017,Tuesday,4,339
12/6/2017,Wednesday December 06 2017,6,December 2017,December,12,2017,Wednesday,4,340
12/7/2017,Thursday December 07 2017,7,December 2017,December,12,2017,Thursday,4,341
12/8/2017,Friday December 08 2017,8,December 2017,December,12,2017,Friday,4,342
12/9/2017,Saturday December 09 2017,9,December 2017,December,12,2017,Saturday,4,343
12/10/2017,Sunday December 10 2017,10,December 2017,December,12,2017,Sunday,4,344
12/11/2017,Monday December 11 2017,11,December 2017,December,12,2017,Monday,4,345
12/12/2017,Tuesday December 12 2017,12,December 2017,December,12,2017,Tuesday,4,346
12/13/2017,Wednesday December 13 2017,13,December 2017,December,12,2017,Wednesday,4,347
12/14/2017,Thursday December 14 2017,14,December 2017,December,12,2017,Thursday,4,348
12/15/2017,Friday December 15 2017,15,December 2017,December,12,2017,Friday,4,349
12/16/2017,Saturday December 16 2017,16,December 2017,December,12,2017,Saturday,4,350
12/17/2017,Sunday December 17 2017,17,December 2017,December,12,2017,Sunday,4,351
12/18/2017,Monday December 18 2017,18,December 2017,December,12,2017,Monday,4,352
12/19/2017,Tuesday December 19 2017,19,December 2017,December,12,2017,Tuesday,4,353
12/20/2017,Wednesday December 20 2017,20,December 2017,December,12,2017,Wednesday,4,354
12/21/2017,Thursday December 21 2017,21,December 2017,December,12,2017,Thursday,4,355
12/22/2017,Friday December 22 2017,22,December 2017,December,12,2017,Friday,4,356
12/23/2017,Saturday December 23 2017,23,December 2017,December,12,2017,Saturday,4,357
12/24/2017,Sunday December 24 2017,24,December 2017,December,12,2017,Sunday,4,358
12/25/2017,Monday December 25 2017,25,December 2017,December,12,2017,Monday,4,359
12/26/2017,Tuesday December 26 2017,26,December 2017,December,12,2017,Tuesday,4,360
12/27/2017,Wednesday December 27 2017,27,December 2017,December,12,2017,Wednesday,4,361
12/28/2017,Thursday December 28 2017,28,December 2017,December,12,2017,Thursday,4,362
12/29/2017,Friday December 29 2017,29,December 2017,December,12,2017,Friday,4,363
12/30/2017,Saturday December 30 2017,30,December 2017,December,12,2017,Saturday,4,364
12/31/2017,Sunday December 31 2017,31,December 2017,December,12,2017,Sunday,4,365
1/1/2018,Monday January 01 2018,1,January 2018,January,1,2018,Monday,1,1
1/2/2018,Tuesday January 02 2018,2,January 2018,January,1,2018,Tuesday,1,2
1/3/2018,Wednesday January 03 2018,3,January 2018,January,1,2018,Wednesday,1,3
1/4/2018,Thursday January 04 2018,4,January 2018,January,1,2018,Thursday,1,4
1/5/2018,Friday January 05 2018,5,January 2018,January,1,2018,Friday,1,5
1/6/2018,Saturday January 06 2018,6,January 2018,January,1,2018,Saturday,1,6
1/7/2018,Sunday January 07 2018,7,January 2018,January,1,2018,Sunday,1,7
1/8/2018,Monday January 08 2018,8,January 2018,January,1,2018,Monday,1,8
1/9/2018,Tuesday January 09 2018,9,January 2018,January,1,2018,Tuesday,1,9
1/10/2018,Wednesday January 10 2018,10,January 2018,January,1,2018,Wednesday,1,10
1/11/2018,Thursday January 11 2018,11,January 2018,January,1,2018,Thursday,1,11
1/12/2018,Friday January 12 2018,12,January 2018,January,1,2018,Friday,1,12
1/13/2018,Saturday January 13 2018,13,January 2018,January,1,2018,Saturday,1,13
1/14/2018,Sunday January 14 2018,14,January 2018,January,1,2018,Sunday,1,14
1/15/2018,Monday January 15 2018,15,January 2018,January,1,2018,Monday,1,15
1/16/2018,Tuesday January 16 2018,16,January 2018,January,1,2018,Tuesday,1,16
1/17/2018,Wednesday January 17 2018,17,January 2018,January,1,2018,Wednesday,1,17
1/18/2018,Thursday January 18 2018,18,January 2018,January,1,2018,Thursday,1,18
1/19/2018,Friday January 19 2018,19,January 2018,January,1,2018,Friday,1,19
1/20/2018,Saturday January 20 2018,20,January 2018,January,1,2018,Saturday,1,20
1/21/2018,Sunday January 21 2018,21,January 2018,January,1,2018,Sunday,1,21
1/22/2018,Monday January 22 2018,22,January 2018,January,1,2018,Monday,1,22
1/23/2018,Tuesday January 23 2018,23,January 2018,January,1,2018,Tuesday,1,23
1/24/2018,Wednesday January 24 2018,24,January 2018,January,1,2018,Wednesday,1,24
1/25/2018,Thursday January 25 2018,25,January 2018,January,1,2018,Thursday,1,25
1/26/2018,Friday January 26 2018,26,January 2018,January,1,2018,Friday,1,26
1/27/2018,Saturday January 27 2018,27,January 2018,January,1,2018,Saturday,1,27
1/28/2018,Sunday January 28 2018,28,January 2018,January,1,2018,Sunday,1,28
1/29/2018,Monday January 29 2018,29,January 2018,January,1,2018,Monday,1,29
1/30/2018,Tuesday January 30 2018,30,January 2018,January,1,2018,Tuesday,1,30
1/31/2018,Wednesday January 31 2018,31,January 2018,January,1,2018,Wednesday,1,31
2/1/2018,Thursday February 01 2018,1,February 2018,February,2,2018,Thursday,1,32
2/2/2018,Friday February 02 2018,2,February 2018,February,2,2018,Friday,1,33
2/3/2018,Saturday February 03 2018,3,February 2018,February,2,2018,Saturday,1,34
2/4/2018,Sunday February 04 2018,4,February 2018,February,2,2018,Sunday,1,35
2/5/2018,Monday February 05 2018,5,February 2018,February,2,2018,Monday,1,36
2/6/2018,Tuesday February 06 2018,6,February 2018,February,2,2018,Tuesday,1,37
2/7/2018,Wednesday February 07 2018,7,February 2018,February,2,2018,Wednesday,1,38
2/8/2018,Thursday February 08 2018,8,February 2018,February,2,2018,Thursday,1,39
2/9/2018,Friday February 09 2018,9,February 2018,February,2,2018,Friday,1,40
2/10/2018,Saturday February 10 2018,10,February 2018,February,2,2018,Saturday,1,41
2/11/2018,Sunday February 11 2018,11,February 2018,February,2,2018,Sunday,1,42
2/12/2018,Monday February 12 2018,12,February 2018,February,2,2018,Monday,1,43
2/13/2018,Tuesday February 13 2018,13,February 2018,February,2,2018,Tuesday,1,44
2/14/2018,Wednesday February 14 2018,14,February 2018,February,2,2018,Wednesday,1,45
2/15/2018,Thursday February 15 2018,15,February 2018,February,2,2018,Thursday,1,46
2/16/2018,Friday February 16 2018,16,February 2018,February,2,2018,Friday,1,47
2/17/2018,Saturday February 17 2018,17,February 2018,February,2,2018,Saturday,1,48
2/18/2018,Sunday February 18 2018,18,February 2018,February,2,2018,Sunday,1,49
2/19/2018,Monday February 19 2018,19,February 2018,February,2,2018,Monday,1,50
2/20/2018,Tuesday February 20 2018,20,February 2018,February,2,2018,Tuesday,1,51
2/21/2018,Wednesday February 21 2018,21,February 2018,February,2,2018,Wednesday,1,52
2/22/2018,Thursday February 22 2018,22,February 2018,February,2,2018,Thursday,1,53
2/23/2018,Friday February 23 2018,23,February 2018,February,2,2018,Friday,1,54
2/24/2018,Saturday February 24 2018,24,February 2018,February,2,2018,Saturday,1,55
2/25/2018,Sunday February 25 2018,25,February 2018,February,2,2018,Sunday,1,56
2/26/2018,Monday February 26 2018,26,February 2018,February,2,2018,Monday,1,57
2/27/2018,Tuesday February 27 2018,27,February 2018,February,2,2018,Tuesday,1,58
2/28/2018,Wednesday February 28 2018,28,February 2018,February,2,2018,Wednesday,1,59
3/1/2018,Thursday March 01 2018,1,March 2018,March,3,2018,Thursday,1,60
3/2/2018,Friday March 02 2018,2,March 2018,March,3,2018,Friday,1,61
3/3/2018,Saturday March 03 2018,3,March 2018,March,3,2018,Saturday,1,62
3/4/2018,Sunday March 04 2018,4,March 2018,March,3,2018,Sunday,1,63
3/5/2018,Monday March 05 2018,5,March 2018,March,3,2018,Monday,1,64
3/6/2018,Tuesday March 06 2018,6,March 2018,March,3,2018,Tuesday,1,65
3/7/2018,Wednesday March 07 2018,7,March 2018,March,3,2018,Wednesday,1,66
3/8/2018,Thursday March 08 2018,8,March 2018,March,3,2018,Thursday,1,67
3/9/2018,Friday March 09 2018,9,March 2018,March,3,2018,Friday,1,68
3/10/2018,Saturday March 10 2018,10,March 2018,March,3,2018,Saturday,1,69
3/11/2018,Sunday March 11 2018,11,March 2018,March,3,2018,Sunday,1,70
3/12/2018,Monday March 12 2018,12,March 2018,March,3,2018,Monday,1,71
3/13/2018,Tuesday March 13 2018,13,March 2018,March,3,2018,Tuesday,1,72
3/14/2018,Wednesday March 14 2018,14,March 2018,March,3,2018,Wednesday,1,73
3/15/2018,Thursday March 15 2018,15,March 2018,March,3,2018,Thursday,1,74
3/16/2018,Friday March 16 2018,16,March 2018,March,3,2018,Friday,1,75
3/17/2018,Saturday March 17 2018,17,March 2018,March,3,2018,Saturday,1,76
3/18/2018,Sunday March 18 2018,18,March 2018,March,3,2018,Sunday,1,77
3/19/2018,Monday March 19 2018,19,March 2018,March,3,2018,Monday,1,78
3/20/2018,Tuesday March 20 2018,20,March 2018,March,3,2018,Tuesday,1,79
3/21/2018,Wednesday March 21 2018,21,March 2018,March,3,2018,Wednesday,1,80
3/22/2018,Thursday March 22 2018,22,March 2018,March,3,2018,Thursday,1,81
3/23/2018,Friday March 23 2018,23,March 2018,March,3,2018,Friday,1,82
3/24/2018,Saturday March 24 2018,24,March 2018,March,3,2018,Saturday,1,83
3/25/2018,Sunday March 25 2018,25,March 2018,March,3,2018,Sunday,1,84
3/26/2018,Monday March 26 2018,26,March 2018,March,3,2018,Monday,1,85
3/27/2018,Tuesday March 27 2018,27,March 2018,March,3,2018,Tuesday,1,86
3/28/2018,Wednesday March 28 2018,28,March 2018,March,3,2018,Wednesday,1,87
3/29/2018,Thursday March 29 2018,29,March 2018,March,3,2018,Thursday,1,88
3/30/2018,Friday March 30 2018,30,March 2018,March,3,2018,Friday,1,89
3/31/2018,Saturday March 31 2018,31,March 2018,March,3,2018,Saturday,1,90
4/1/2018,Sunday April 01 2018,1,April 2018,April,4,2018,Sunday,2,91
4/2/2018,Monday April 02 2018,2,April 2018,April,4,2018,Monday,2,92
4/3/2018,Tuesday April 03 2018,3,April 2018,April,4,2018,Tuesday,2,93
4/4/2018,Wednesday April 04 2018,4,April 2018,April,4,2018,Wednesday,2,94
4/5/2018,Thursday April 05 2018,5,April 2018,April,4,2018,Thursday,2,95
4/6/2018,Friday April 06 2018,6,April 2018,April,4,2018,Friday,2,96
4/7/2018,Saturday April 07 2018,7,April 2018,April,4,2018,Saturday,2,97
4/8/2018,Sunday April 08 2018,8,April 2018,April,4,2018,Sunday,2,98
4/9/2018,Monday April 09 2018,9,April 2018,April,4,2018,Monday,2,99
4/10/2018,Tuesday April 10 2018,10,April 2018,April,4,2018,Tuesday,2,100
4/11/2018,Wednesday April 11 2018,11,April 2018,April,4,2018,Wednesday,2,101
4/12/2018,Thursday April 12 2018,12,April 2018,April,4,2018,Thursday,2,102
4/13/2018,Friday April 13 2018,13,April 2018,April,4,2018,Friday,2,103
4/14/2018,Saturday April 14 2018,14,April 2018,April,4,2018,Saturday,2,104
4/15/2018,Sunday April 15 2018,15,April 2018,April,4,2018,Sunday,2,105
4/16/2018,Monday April 16 2018,16,April 2018,April,4,2018,Monday,2,106
4/17/2018,Tuesday April 17 2018,17,April 2018,April,4,2018,Tuesday,2,107
4/18/2018,Wednesday April 18 2018,18,April 2018,April,4,2018,Wednesday,2,108
4/19/2018,Thursday April 19 2018,19,April 2018,April,4,2018,Thursday,2,109
4/20/2018,Friday April 20 2018,20,April 2018,April,4,2018,Friday,2,110
4/21/2018,Saturday April 21 2018,21,April 2018,April,4,2018,Saturday,2,111
4/22/2018,Sunday April 22 2018,22,April 2018,April,4,2018,Sunday,2,112
4/23/2018,Monday April 23 2018,23,April 2018,April,4,2018,Monday,2,113
4/24/2018,Tuesday April 24 2018,24,April 2018,April,4,2018,Tuesday,2,114
4/25/2018,Wednesday April 25 2018,25,April 2018,April,4,2018,Wednesday,2,115
4/26/2018,Thursday April 26 2018,26,April 2018,April,4,2018,Thursday,2,116
4/27/2018,Friday April 27 2018,27,April 2018,April,4,2018,Friday,2,117
4/28/2018,Saturday April 28 2018,28,April 2018,April,4,2018,Saturday,2,118
4/29/2018,Sunday April 29 2018,29,April 2018,April,4,2018,Sunday,2,119
4/30/2018,Monday April 30 2018,30,April 2018,April,4,2018,Monday,2,120
5/1/2018,Tuesday May 01 2018,1,May 2018,May,5,2018,Tuesday,2,121
5/2/2018,Wednesday May 02 2018,2,May 2018,May,5,2018,Wednesday,2,122
5/3/2018,Thursday May 03 2018,3,May 2018,May,5,2018,Thursday,2,123
5/4/2018,Friday May 04 2018,4,May 2018,May,5,2018,Friday,2,124
5/5/2018,Saturday May 05 2018,5,May 2018,May,5,2018,Saturday,2,125
5/6/2018,Sunday May 06 2018,6,May 2018,May,5,2018,Sunday,2,126
5/7/2018,Monday May 07 2018,7,May 2018,May,5,2018,Monday,2,127
5/8/2018,Tuesday May 08 2018,8,May 2018,May,5,2018,Tuesday,2,128
5/9/2018,Wednesday May 09 2018,9,May 2018,May,5,2018,Wednesday,2,129
5/10/2018,Thursday May 10 2018,10,May 2018,May,5,2018,Thursday,2,130
5/11/2018,Friday May 11 2018,11,May 2018,May,5,2018,Friday,2,131
5/12/2018,Saturday May 12 2018,12,May 2018,May,5,2018,Saturday,2,132
5/13/2018,Sunday May 13 2018,13,May 2018,May,5,2018,Sunday,2,133
5/14/2018,Monday May 14 2018,14,May 2018,May,5,2018,Monday,2,134
5/15/2018,Tuesday May 15 2018,15,May 2018,May,5,2018,Tuesday,2,135
5/16/2018,Wednesday May 16 2018,16,May 2018,May,5,2018,Wednesday,2,136
5/17/2018,Thursday May 17 2018,17,May 2018,May,5,2018,Thursday,2,137
5/18/2018,Friday May 18 2018,18,May 2018,May,5,2018,Friday,2,138
5/19/2018,Saturday May 19 2018,19,May 2018,May,5,2018,Saturday,2,139
5/20/2018,Sunday May 20 2018,20,May 2018,May,5,2018,Sunday,2,140
5/21/2018,Monday May 21 2018,21,May 2018,May,5,2018,Monday,2,141
5/22/2018,Tuesday May 22 2018,22,May 2018,May,5,2018,Tuesday,2,142
5/23/2018,Wednesday May 23 2018,23,May 2018,May,5,2018,Wednesday,2,143
5/24/2018,Thursday May 24 2018,24,May 2018,May,5,2018,Thursday,2,144
5/25/2018,Friday May 25 2018,25,May 2018,May,5,2018,Friday,2,145
5/26/2018,Saturday May 26 2018,26,May 2018,May,5,2018,Saturday,2,146
5/27/2018,Sunday May 27 2018,27,May 2018,May,5,2018,Sunday,2,147
5/28/2018,Monday May 28 2018,28,May 2018,May,5,2018,Monday,2,148
5/29/2018,Tuesday May 29 2018,29,May 2018,May,5,2018,Tuesday,2,149
5/30/2018,Wednesday May 30 2018,30,May 2018,May,5,2018,Wednesday,2,150
5/31/2018,Thursday May 31 2018,31,May 2018,May,5,2018,Thursday,2,151
6/1/2018,Friday June 01 2018,1,June 2018,June,6,2018,Friday,2,152
6/2/2018,Saturday June 02 2018,2,June 2018,June,6,2018,Saturday,2,153
6/3/2018,Sunday June 03 2018,3,June 2018,June,6,2018,Sunday,2,154
6/4/2018,Monday June 04 2018,4,June 2018,June,6,2018,Monday,2,155
6/5/2018,Tuesday June 05 2018,5,June 2018,June,6,2018,Tuesday,2,156
6/6/2018,Wednesday June 06 2018,6,June 2018,June,6,2018,Wednesday,2,157
6/7/2018,Thursday June 07 2018,7,June 2018,June,6,2018,Thursday,2,158
6/8/2018,Friday June 08 2018,8,June 2018,June,6,2018,Friday,2,159
6/9/2018,Saturday June 09 2018,9,June 2018,June,6,2018,Saturday,2,160
6/10/2018,Sunday June 10 2018,10,June 2018,June,6,2018,Sunday,2,161
6/11/2018,Monday June 11 2018,11,June 2018,June,6,2018,Monday,2,162
6/12/2018,Tuesday June 12 2018,12,June 2018,June,6,2018,Tuesday,2,163
6/13/2018,Wednesday June 13 2018,13,June 2018,June,6,2018,Wednesday,2,164
6/14/2018,Thursday June 14 2018,14,June 2018,June,6,2018,Thursday,2,165
6/15/2018,Friday June 15 2018,15,June 2018,June,6,2018,Friday,2,166
6/16/2018,Saturday June 16 2018,16,June 2018,June,6,2018,Saturday,2,167
6/17/2018,Sunday June 17 2018,17,June 2018,June,6,2018,Sunday,2,168
6/18/2018,Monday June 18 2018,18,June 2018,June,6,2018,Monday,2,169
6/19/2018,Tuesday June 19 2018,19,June 2018,June,6,2018,Tuesday,2,170
6/20/2018,Wednesday June 20 2018,20,June 2018,June,6,2018,Wednesday,2,171
6/21/2018,Thursday June 21 2018,21,June 2018,June,6,2018,Thursday,2,172
6/22/2018,Friday June 22 2018,22,June 2018,June,6,2018,Friday,2,173
6/23/2018,Saturday June 23 2018,23,June 2018,June,6,2018,Saturday,2,174
6/24/2018,Sunday June 24 2018,24,June 2018,June,6,2018,Sunday,2,175
6/25/2018,Monday June 25 2018,25,June 2018,June,6,2018,Monday,2,176
6/26/2018,Tuesday June 26 2018,26,June 2018,June,6,2018,Tuesday,2,177
6/27/2018,Wednesday June 27 2018,27,June 2018,June,6,2018,Wednesday,2,178
6/28/2018,Thursday June 28 2018,28,June 2018,June,6,2018,Thursday,2,179
6/29/2018,Friday June 29 2018,29,June 2018,June,6,2018,Friday,2,180
6/30/2018,Saturday June 30 2018,30,June 2018,June,6,2018,Saturday,2,181
7/1/2018,Sunday July 01 2018,1,July 2018,July,7,2018,Sunday,3,182
7/2/2018,Monday July 02 2018,2,July 2018,July,7,2018,Monday,3,183
7/3/2018,Tuesday July 03 2018,3,July 2018,July,7,2018,Tuesday,3,184
7/4/2018,Wednesday July 04 2018,4,July 2018,July,7,2018,Wednesday,3,185
7/5/2018,Thursday July 05 2018,5,July 2018,July,7,2018,Thursday,3,186
7/6/2018,Friday July 06 2018,6,July 2018,July,7,2018,Friday,3,187
7/7/2018,Saturday July 07 2018,7,July 2018,July,7,2018,Saturday,3,188
7/8/2018,Sunday July 08 2018,8,July 2018,July,7,2018,Sunday,3,189
7/9/2018,Monday July 09 2018,9,July 2018,July,7,2018,Monday,3,190
7/10/2018,Tuesday July 10 2018,10,July 2018,July,7,2018,Tuesday,3,191
7/11/2018,Wednesday July 11 2018,11,July 2018,July,7,2018,Wednesday,3,192
7/12/2018,Thursday July 12 2018,12,July 2018,July,7,2018,Thursday,3,193
7/13/2018,Friday July 13 2018,13,July 2018,July,7,2018,Friday,3,194
7/14/2018,Saturday July 14 2018,14,July 2018,July,7,2018,Saturday,3,195
7/15/2018,Sunday July 15 2018,15,July 2018,July,7,2018,Sunday,3,196
7/16/2018,Monday July 16 2018,16,July 2018,July,7,2018,Monday,3,197
7/17/2018,Tuesday July 17 2018,17,July 2018,July,7,2018,Tuesday,3,198
7/18/2018,Wednesday July 18 2018,18,July 2018,July,7,2018,Wednesday,3,199
7/19/2018,Thursday July 19 2018,19,July 2018,July,7,2018,Thursday,3,200
7/20/2018,Friday July 20 2018,20,July 2018,July,7,2018,Friday,3,201
7/21/2018,Saturday July 21 2018,21,July 2018,July,7,2018,Saturday,3,202
7/22/2018,Sunday July 22 2018,22,July 2018,July,7,2018,Sunday,3,203
7/23/2018,Monday July 23 2018,23,July 2018,July,7,2018,Monday,3,204
7/24/2018,Tuesday July 24 2018,24,July 2018,July,7,2018,Tuesday,3,205
7/25/2018,Wednesday July 25 2018,25,July 2018,July,7,2018,Wednesday,3,206
7/26/2018,Thursday July 26 2018,26,July 2018,July,7,2018,Thursday,3,207
7/27/2018,Friday July 27 2018,27,July 2018,July,7,2018,Friday,3,208
7/28/2018,Saturday July 28 2018,28,July 2018,July,7,2018,Saturday,3,209
7/29/2018,Sunday July 29 2018,29,July 2018,July,7,2018,Sunday,3,210
7/30/2018,Monday July 30 2018,30,July 2018,July,7,2018,Monday,3,211
7/31/2018,Tuesday July 31 2018,31,July 2018,July,7,2018,Tuesday,3,212
8/1/2018,Wednesday August 01 2018,1,August 2018,August,8,2018,Wednesday,3,213
8/2/2018,Thursday August 02 2018,2,August 2018,August,8,2018,Thursday,3,214
8/3/2018,Friday August 03 2018,3,August 2018,August,8,2018,Friday,3,215
8/4/2018,Saturday August 04 2018,4,August 2018,August,8,2018,Saturday,3,216
8/5/2018,Sunday August 05 2018,5,August 2018,August,8,2018,Sunday,3,217
8/6/2018,Monday August 06 2018,6,August 2018,August,8,2018,Monday,3,218
8/7/2018,Tuesday August 07 2018,7,August 2018,August,8,2018,Tuesday,3,219
8/8/2018,Wednesday August 08 2018,8,August 2018,August,8,2018,Wednesday,3,220
8/9/2018,Thursday August 09 2018,9,August 2018,August,8,2018,Thursday,3,221
8/10/2018,Friday August 10 2018,10,August 2018,August,8,2018,Friday,3,222
8/11/2018,Saturday August 11 2018,11,August 2018,August,8,2018,Saturday,3,223
8/12/2018,Sunday August 12 2018,12,August 2018,August,8,2018,Sunday,3,224
8/13/2018,Monday August 13 2018,13,August 2018,August,8,2018,Monday,3,225
8/14/2018,Tuesday August 14 2018,14,August 2018,August,8,2018,Tuesday,3,226
8/15/2018,Wednesday August 15 2018,15,August 2018,August,8,2018,Wednesday,3,227
8/16/2018,Thursday August 16 2018,16,August 2018,August,8,2018,Thursday,3,228
8/17/2018,Friday August 17 2018,17,August 2018,August,8,2018,Friday,3,229
8/18/2018,Saturday August 18 2018,18,August 2018,August,8,2018,Saturday,3,230
8/19/2018,Sunday August 19 2018,19,August 2018,August,8,2018,Sunday,3,231
8/20/2018,Monday August 20 2018,20,August 2018,August,8,2018,Monday,3,232
8/21/2018,Tuesday August 21 2018,21,August 2018,August,8,2018,Tuesday,3,233
8/22/2018,Wednesday August 22 2018,22,August 2018,August,8,2018,Wednesday,3,234
8/23/2018,Thursday August 23 2018,23,August 2018,August,8,2018,Thursday,3,235
8/24/2018,Friday August 24 2018,24,August 2018,August,8,2018,Friday,3,236
8/25/2018,Saturday August 25 2018,25,August 2018,August,8,2018,Saturday,3,237
8/26/2018,Sunday August 26 2018,26,August 2018,August,8,2018,Sunday,3,238
8/27/2018,Monday August 27 2018,27,August 2018,August,8,2018,Monday,3,239
8/28/2018,Tuesday August 28 2018,28,August 2018,August,8,2018,Tuesday,3,240
8/29/2018,Wednesday August 29 2018,29,August 2018,August,8,2018,Wednesday,3,241
8/30/2018,Thursday August 30 2018,30,August 2018,August,8,2018,Thursday,3,242
8/31/2018,Friday August 31 2018,31,August 2018,August,8,2018,Friday,3,243
9/1/2018,Saturday September 01 2018,1,September 2018,September,9,2018,Saturday,3,244
9/2/2018,Sunday September 02 2018,2,September 2018,September,9,2018,Sunday,3,245
9/3/2018,Monday September 03 2018,3,September 2018,September,9,2018,Monday,3,246
9/4/2018,Tuesday September 04 2018,4,September 2018,September,9,2018,Tuesday,3,247
9/5/2018,Wednesday September 05 2018,5,September 2018,September,9,2018,Wednesday,3,248
9/6/2018,Thursday September 06 2018,6,September 2018,September,9,2018,Thursday,3,249
9/7/2018,Friday September 07 2018,7,September 2018,September,9,2018,Friday,3,250
9/8/2018,Saturday September 08 2018,8,September 2018,September,9,2018,Saturday,3,251
9/9/2018,Sunday September 09 2018,9,September 2018,September,9,2018,Sunday,3,252
9/10/2018,Monday September 10 2018,10,September 2018,September,9,2018,Monday,3,253
9/11/2018,Tuesday September 11 2018,11,September 2018,September,9,2018,Tuesday,3,254
9/12/2018,Wednesday September 12 2018,12,September 2018,September,9,2018,Wednesday,3,255
9/13/2018,Thursday September 13 2018,13,September 2018,September,9,2018,Thursday,3,256
9/14/2018,Friday September 14 2018,14,September 2018,September,9,2018,Friday,3,257
9/15/2018,Saturday September 15 2018,15,September 2018,September,9,2018,Saturday,3,258
9/16/2018,Sunday September 16 2018,16,September 2018,September,9,2018,Sunday,3,259
9/17/2018,Monday September 17 2018,17,September 2018,September,9,2018,Monday,3,260
9/18/2018,Tuesday September 18 2018,18,September 2018,September,9,2018,Tuesday,3,261
9/19/2018,Wednesday September 19 2018,19,September 2018,September,9,2018,Wednesday,3,262
9/20/2018,Thursday September 20 2018,20,September 2018,September,9,2018,Thursday,3,263
9/21/2018,Friday September 21 2018,21,September 2018,September,9,2018,Friday,3,264
9/22/2018,Saturday September 22 2018,22,September 2018,September,9,2018,Saturday,3,265
9/23/2018,Sunday September 23 2018,23,September 2018,September,9,2018,Sunday,3,266
9/24/2018,Monday September 24 2018,24,September 2018,September,9,2018,Monday,3,267
9/25/2018,Tuesday September 25 2018,25,September 2018,September,9,2018,Tuesday,3,268
9/26/2018,Wednesday September 26 2018,26,September 2018,September,9,2018,Wednesday,3,269
9/27/2018,Thursday September 27 2018,27,September 2018,September,9,2018,Thursday,3,270
9/28/2018,Friday September 28 2018,28,September 2018,September,9,2018,Friday,3,271
9/29/2018,Saturday September 29 2018,29,September 2018,September,9,2018,Saturday,3,272
9/30/2018,Sunday September 30 2018,30,September 2018,September,9,2018,Sunday,3,273
10/1/2018,Monday October 01 2018,1,October 2018,October,10,2018,Monday,4,274
10/2/2018,Tuesday October 02 2018,2,October 2018,October,10,2018,Tuesday,4,275
10/3/2018,Wednesday October 03 2018,3,October 2018,October,10,2018,Wednesday,4,276
10/4/2018,Thursday October 04 2018,4,October 2018,October,10,2018,Thursday,4,277
10/5/2018,Friday October 05 2018,5,October 2018,October,10,2018,Friday,4,278
10/6/2018,Saturday October 06 2018,6,October 2018,October,10,2018,Saturday,4,279
10/7/2018,Sunday October 07 2018,7,October 2018,October,10,2018,Sunday,4,280
10/8/2018,Monday October 08 2018,8,October 2018,October,10,2018,Monday,4,281
10/9/2018,Tuesday October 09 2018,9,October 2018,October,10,2018,Tuesday,4,282
10/10/2018,Wednesday October 10 2018,10,October 2018,October,10,2018,Wednesday,4,283
10/11/2018,Thursday October 11 2018,11,October 2018,October,10,2018,Thursday,4,284
10/12/2018,Friday October 12 2018,12,October 2018,October,10,2018,Friday,4,285
10/13/2018,Saturday October 13 2018,13,October 2018,October,10,2018,Saturday,4,286
10/14/2018,Sunday October 14 2018,14,October 2018,October,10,2018,Sunday,4,287
10/15/2018,Monday October 15 2018,15,October 2018,October,10,2018,Monday,4,288
10/16/2018,Tuesday October 16 2018,16,October 2018,October,10,2018,Tuesday,4,289
10/17/2018,Wednesday October 17 2018,17,October 2018,October,10,2018,Wednesday,4,290
10/18/2018,Thursday October 18 2018,18,October 2018,October,10,2018,Thursday,4,291
10/19/2018,Friday October 19 2018,19,October 2018,October,10,2018,Friday,4,292
10/20/2018,Saturday October 20 2018,20,October 2018,October,10,2018,Saturday,4,293
10/21/2018,Sunday October 21 2018,21,October 2018,October,10,2018,Sunday,4,294
10/22/2018,Monday October 22 2018,22,October 2018,October,10,2018,Monday,4,295
10/23/2018,Tuesday October 23 2018,23,October 2018,October,10,2018,Tuesday,4,296
10/24/2018,Wednesday October 24 2018,24,October 2018,October,10,2018,Wednesday,4,297
10/25/2018,Thursday October 25 2018,25,October 2018,October,10,2018,Thursday,4,298
10/26/2018,Friday October 26 2018,26,October 2018,October,10,2018,Friday,4,299
10/27/2018,Saturday October 27 2018,27,October 2018,October,10,2018,Saturday,4,300
10/28/2018,Sunday October 28 2018,28,October 2018,October,10,2018,Sunday,4,301
10/29/2018,Monday October 29 2018,29,October 2018,October,10,2018,Monday,4,302
10/30/2018,Tuesday October 30 2018,30,October 2018,October,10,2018,Tuesday,4,303
10/31/2018,Wednesday October 31 2018,31,October 2018,October,10,2018,Wednesday,4,304
11/1/2018,Thursday November 01 2018,1,November 2018,November,11,2018,Thursday,4,305
11/2/2018,Friday November 02 2018,2,November 2018,November,11,2018,Friday,4,306
11/3/2018,Saturday November 03 2018,3,November 2018,November,11,2018,Saturday,4,307
11/4/2018,Sunday November 04 2018,4,November 2018,November,11,2018,Sunday,4,308
11/5/2018,Monday November 05 2018,5,November 2018,November,11,2018,Monday,4,309
11/6/2018,Tuesday November 06 2018,6,November 2018,November,11,2018,Tuesday,4,310
11/7/2018,Wednesday November 07 2018,7,November 2018,November,11,2018,Wednesday,4,311
11/8/2018,Thursday November 08 2018,8,November 2018,November,11,2018,Thursday,4,312
11/9/2018,Friday November 09 2018,9,November 2018,November,11,2018,Friday,4,313
11/10/2018,Saturday November 10 2018,10,November 2018,November,11,2018,Saturday,4,314
11/11/2018,Sunday November 11 2018,11,November 2018,November,11,2018,Sunday,4,315
11/12/2018,Monday November 12 2018,12,November 2018,November,11,2018,Monday,4,316
11/13/2018,Tuesday November 13 2018,13,November 2018,November,11,2018,Tuesday,4,317
11/14/2018,Wednesday November 14 2018,14,November 2018,November,11,2018,Wednesday,4,318
11/15/2018,Thursday November 15 2018,15,November 2018,November,11,2018,Thursday,4,319
11/16/2018,Friday November 16 2018,16,November 2018,November,11,2018,Friday,4,320
11/17/2018,Saturday November 17 2018,17,November 2018,November,11,2018,Saturday,4,321
11/18/2018,Sunday November 18 2018,18,November 2018,November,11,2018,Sunday,4,322
11/19/2018,Monday November 19 2018,19,November 2018,November,11,2018,Monday,4,323
11/20/2018,Tuesday November 20 2018,20,November 2018,November,11,2018,Tuesday,4,324
11/21/2018,Wednesday November 21 2018,21,November 2018,November,11,2018,Wednesday,4,325
11/22/2018,Thursday November 22 2018,22,November 2018,November,11,2018,Thursday,4,326
11/23/2018,Friday November 23 2018,23,November 2018,November,11,2018,Friday,4,327
11/24/2018,Saturday November 24 2018,24,November 2018,November,11,2018,Saturday,4,328
11/25/2018,Sunday November 25 2018,25,November 2018,November,11,2018,Sunday,4,329
11/26/2018,Monday November 26 2018,26,November 2018,November,11,2018,Monday,4,330
11/27/2018,Tuesday November 27 2018,27,November 2018,November,11,2018,Tuesday,4,331
11/28/2018,Wednesday November 28 2018,28,November 2018,November,11,2018,Wednesday,4,332
11/29/2018,Thursday November 29 2018,29,November 2018,November,11,2018,Thursday,4,333
11/30/2018,Friday November 30 2018,30,November 2018,November,11,2018,Friday,4,334
12/1/2018,Saturday December 01 2018,1,December 2018,December,12,2018,Saturday,4,335
12/2/2018,Sunday December 02 2018,2,December 2018,December,12,2018,Sunday,4,336
12/3/2018,Monday December 03 2018,3,December 2018,December,12,2018,Monday,4,337
12/4/2018,Tuesday December 04 2018,4,December 2018,December,12,2018,Tuesday,4,338
12/5/2018,Wednesday December 05 2018,5,December 2018,December,12,2018,Wednesday,4,339
12/6/2018,Thursday December 06 2018,6,December 2018,December,12,2018,Thursday,4,340
12/7/2018,Friday December 07 2018,7,December 2018,December,12,2018,Friday,4,341
12/8/2018,Saturday December 08 2018,8,December 2018,December,12,2018,Saturday,4,342
12/9/2018,Sunday December 09 2018,9,December 2018,December,12,2018,Sunday,4,343
12/10/2018,Monday December 10 2018,10,December 2018,December,12,2018,Monday,4,344
12/11/2018,Tuesday December 11 2018,11,December 2018,December,12,2018,Tuesday,4,345
12/12/2018,Wednesday December 12 2018,12,December 2018,December,12,2018,Wednesday,4,346
12/13/2018,Thursday December 13 2018,13,December 2018,December,12,2018,Thursday,4,347
12/14/2018,Friday December 14 2018,14,December 2018,December,12,2018,Friday,4,348
12/15/2018,Saturday December 15 2018,15,December 2018,December,12,2018,Saturday,4,349
12/16/2018,Sunday December 16 2018,16,December 2018,December,12,2018,Sunday,4,350
12/17/2018,Monday December 17 2018,17,December 2018,December,12,2018,Monday,4,351
12/18/2018,Tuesday December 18 2018,18,December 2018,December,12,2018,Tuesday,4,352
12/19/2018,Wednesday December 19 2018,19,December 2018,December,12,2018,Wednesday,4,353
12/20/2018,Thursday December 20 2018,20,December 2018,December,12,2018,Thursday,4,354
12/21/2018,Friday December 21 2018,21,December 2018,December,12,2018,Friday,4,355
12/22/2018,Saturday December 22 2018,22,December 2018,December,12,2018,Saturday,4,356
12/23/2018,Sunday December 23 2018,23,December 2018,December,12,2018,Sunday,4,357
12/24/2018,Monday December 24 2018,24,December 2018,December,12,2018,Monday,4,358
12/25/2018,Tuesday December 25 2018,25,December 2018,December,12,2018,Tuesday,4,359
12/26/2018,Wednesday December 26 2018,26,December 2018,December,12,2018,Wednesday,4,360
12/27/2018,Thursday December 27 2018,27,December 2018,December,12,2018,Thursday,4,361
12/28/2018,Friday December 28 2018,28,December 2018,December,12,2018,Friday,4,362
12/29/2018,Saturday December 29 2018,29,December 2018,December,12,2018,Saturday,4,363
12/30/2018,Sunday December 30 2018,30,December 2018,December,12,2018,Sunday,4,364
12/31/2018,Monday December 31 2018,31,December 2018,December,12,2018,Monday,4,365
