Veh_ID,Veh_Make,Veh_Model,Veh_Year,Veh_Color,Veh_BodyType,Veh_NumOfAxles,Veh_FuelType,Veh_NumOfCyl,Veh_Weight
1,Daewoo,Nubira,2000,Blue,SUV,3,Diesel,4,2977
2,GMC,2500 Club Coupe,1995,Khaki,Station Wagon,3,Gas,3,2114
3,Toyota,MR2,1986,Red,Hatchback,3,Gas,3,1326
4,Chevrolet,S10,1992,Teal,Van,3,Gas,4,1300
5,Pontiac,Bonneville,1989,Indigo,SUV,3,Hybrid,6,2542
6,Toyota,4Runner,2001,Goldenrod,Hybrid,3,Hybrid,3,1613
7,Ford,Mustang,2002,Pink,Station Wagon,2,Diesel,6,1197
8,Kia,Sportage,2000,Crimson,Station Wagon,3,Hybrid,3,2816
9,GMC,Yukon,2005,Pink,Coupe,3,Diesel,12,1262
10,GMC,Terrain,2010,Red,Sedan,2,Gas,6,2446
11,Subaru,Legacy,2004,Orange,Sedan,2,Gas,8,2344
12,Chevrolet,HHR,2010,Goldenrod,Truck,3,Electric,8,1107
13,GMC,2500,1995,Khaki,SUV,3,Gas,6,1463
14,GMC,Vandura G1500,1995,Yellow,Station Wagon,3,Gas,8,1593
15,Dodge,Challenger,2010,Khaki,SUV,2,Hybrid,8,2348
16,Ford,Tempo,1984,Red,Station Wagon,3,Diesel,12,2842
17,Mazda,CX-7,2012,Orange,Sedan,2,Gas,8,1333
18,Mazda,CX-5,2013,Indigo,Minivan,3,Gas,4,1710
19,Lincoln,Navigator,1998,Indigo,Van,3,Gas,3,1124
20,Toyota,Solara,2004,Violet,Convertible,2,Diesel,6,1380
21,Ford,Bronco,1995,Goldenrod,SUV,2,Gas,8,2469
22,Isuzu,Ascender,2004,Turquoise,Hybrid,3,Diesel,3,2523
23,Geo,Prizm,1992,Purple,Convertible,2,Diesel,6,2534
24,Toyota,Paseo,1995,Blue,Hatchback,2,Electric,3,2175
25,Mercury,Tracer,1997,Puce,Truck,2,Diesel,3,2720
26,Chevrolet,1500,1992,Violet,Minivan,3,Gas,3,1182
27,Kia,Spectra,2003,Maroon,Truck,3,Electric,12,1357
28,Ford,Crown Victoria,2011,Fuscia,Truck,2,Hybrid,8,1452
29,Ford,Expedition,2008,Violet,Van,3,Diesel,8,2455
30,Subaru,Forester,1998,Mauv,Truck,3,Diesel,12,2156
31,Mercury,Sable,2008,Red,SUV,2,Gas,3,1836
32,Acura,Legend,1989,Indigo,Station Wagon,2,Gas,8,2912
33,BMW,M5,2000,Pink,Convertible,2,Electric,3,1353
34,Mercedes-Benz,Sprinter 3500,2012,Green,Station Wagon,3,Gas,8,1369
35,Volvo,850,1994,Puce,Station Wagon,2,Gas,4,2619
36,Buick,Skyhawk,1989,Green,Hybrid,2,Gas,4,1673
37,Mercedes-Benz,SL-Class,2003,Fuscia,Hybrid,2,Hybrid,3,1756
38,Ford,Thunderbird,2003,Mauv,Van,3,Hybrid,12,2508
39,Chevrolet,Corvette,1957,Teal,Hatchback,2,Diesel,6,1084
40,Saab,9000,1996,Yellow,Sedan,3,Hybrid,3,1309
41,Lincoln,MKS,2013,Khaki,Coupe,2,Hybrid,6,1181
42,Mercedes-Benz,CLK-Class,2007,Maroon,Convertible,3,Diesel,12,1517
43,Aston Martin,V8 Vantage,2009,Goldenrod,SUV,3,Gas,6,1545
44,Volkswagen,Jetta,2003,Indigo,SUV,2,Hybrid,8,1538
45,Mercury,Mystique,1995,Green,Sedan,3,Hybrid,3,2786
46,Rolls-Royce,Phantom,2009,Aquamarine,Hatchback,2,Hybrid,12,2319
47,Pontiac,Firefly,1989,Red,Hatchback,2,Electric,3,1079
48,Volkswagen,Rabbit,2008,Pink,Truck,2,Hybrid,6,2432
49,Chevrolet,Monte Carlo,2006,Fuscia,Coupe,3,Hybrid,3,1110
50,Volvo,XC70,2008,Blue,Sedan,3,Electric,8,1689
51,Toyota,Sienna,2007,Maroon,Sedan,2,Hybrid,12,2491
52,Mazda,B-Series,2008,Yellow,SUV,2,Diesel,6,2168
53,Mitsubishi,Montero Sport,1999,Goldenrod,Coupe,3,Gas,12,1018
54,Volvo,S40,2003,Red,Minivan,3,Electric,4,2202
55,Mitsubishi,Chariot,1995,Blue,Convertible,3,Hybrid,6,2756
56,Plymouth,Voyager,1996,Pink,Truck,3,Gas,12,1034
57,GMC,Sierra 2500,2005,Crimson,Hybrid,2,Electric,6,2993
58,Pontiac,GTO,1968,Crimson,Convertible,3,Hybrid,3,1969
59,Kia,Optima,2006,Fuscia,Van,3,Gas,8,2619
60,Lexus,LS,1995,Khaki,Minivan,2,Electric,12,1434
61,Lexus,ES,2004,Orange,Station Wagon,2,Electric,3,2253
62,Chevrolet,Silverado 3500,2004,Purple,Minivan,3,Electric,4,1962
63,Nissan,Quest,2005,Crimson,SUV,3,Hybrid,3,2433
64,Nissan,GT-R,2010,Crimson,Hybrid,3,Diesel,4,2870
65,Toyota,Tundra,2005,Puce,Minivan,2,Gas,3,2603
66,Mazda,MPV,1998,Orange,Minivan,3,Hybrid,12,2870
67,Volvo,S90,1997,Purple,Hatchback,2,Gas,6,1322
68,Land Rover,Discovery,2011,Red,Hybrid,2,Hybrid,12,2585
69,Dodge,Durango,2004,Mauv,Truck,2,Diesel,6,2691
70,Volvo,C30,2008,Orange,Minivan,2,Gas,6,1068
71,Dodge,Ram Van 1500,1997,Maroon,Van,2,Hybrid,8,2566
72,Volkswagen,R32,2008,Khaki,Van,3,Diesel,4,2463
73,GMC,Envoy,1998,Teal,Convertible,3,Diesel,3,2057
74,Pontiac,Grand Prix,1976,Purple,Hatchback,3,Diesel,4,3000
75,Chrysler,Sebring,2009,Mauv,Sedan,3,Diesel,8,1062
76,GMC,Safari,1992,Khaki,Sedan,3,Gas,8,2753
77,Lincoln,Aviator,2003,Blue,Hatchback,3,Hybrid,3,2608
78,GMC,Canyon,2006,Pink,Station Wagon,3,Gas,3,1186
79,Ford,Fairlane,1966,Turquoise,Coupe,2,Hybrid,6,1419
80,Mercury,Sable,1991,Teal,Truck,2,Hybrid,3,1686
81,Nissan,Leaf,2012,Blue,Minivan,2,Gas,4,2931
82,Mazda,CX-5,2013,Puce,Coupe,3,Gas,12,2840
83,Cadillac,Catera,1997,Blue,Hatchback,3,Gas,3,2917
84,Hyundai,Tiburon,2005,Khaki,Sedan,2,Diesel,12,1555
85,Dodge,Charger,1970,Purple,Truck,2,Electric,6,2647
86,Pontiac,1000,1984,Aquamarine,Sedan,2,Gas,6,1161
87,Acura,MDX,2007,Violet,Coupe,3,Hybrid,3,2943
88,Acura,NSX,2005,Pink,Hatchback,3,Gas,3,1852
89,Mazda,Protege,2002,Maroon,Hatchback,2,Electric,4,1363
90,BMW,X5,2012,Aquamarine,Convertible,2,Gas,3,1345
91,Honda,CR-X,1984,Red,Convertible,3,Hybrid,6,2150
92,Maybach,57,2005,Mauv,Sedan,2,Hybrid,6,1938
93,Porsche,Panamera,2013,Fuscia,Minivan,2,Gas,12,2862
94,Mitsubishi,Galant,1998,Pink,Hybrid,2,Electric,12,2918
95,Nissan,Stanza,1992,Teal,Truck,2,Electric,3,1059
96,Chevrolet,Express,2012,Violet,Truck,3,Gas,3,2049
97,Mazda,Protege,1999,Fuscia,Coupe,2,Hybrid,4,2228
98,BMW,7 Series,2012,Red,Minivan,3,Electric,8,1988
99,Volkswagen,Golf,1989,Khaki,Hybrid,3,Hybrid,4,2578
100,Chevrolet,Lumina,1992,Blue,SUV,2,Hybrid,3,1223
101,Saab,9-3,2009,Green,Truck,2,Electric,12,1626
102,Suzuki,XL7,2007,Teal,Sedan,3,Diesel,6,1574
103,Isuzu,Stylus,1993,Red,Hybrid,2,Diesel,12,2182
104,Aston Martin,V8 Vantage S,2012,Khaki,Hybrid,2,Hybrid,8,1689
105,Ford,Tempo,1984,Khaki,Hybrid,3,Gas,12,2667
106,Toyota,Solara,2002,Khaki,Station Wagon,3,Electric,12,2485
107,Jeep,Grand Cherokee,1993,Goldenrod,SUV,2,Electric,3,2073
108,Ford,F450,2012,Violet,Convertible,2,Electric,3,1554
109,Audi,A4,2012,Crimson,Hatchback,3,Diesel,12,2143
110,Ford,Explorer Sport Trac,2008,Purple,Minivan,2,Electric,4,1179
111,Mitsubishi,3000GT,1997,Aquamarine,Convertible,2,Diesel,6,1571
112,Land Rover,Freelander,2009,Orange,Coupe,2,Electric,8,2118
113,Suzuki,SJ,1986,Indigo,Coupe,2,Diesel,8,1751
114,Smart,Fortwo,2009,Indigo,Station Wagon,2,Diesel,3,1442
115,GMC,Savana 3500,1998,Puce,Hybrid,3,Diesel,12,2182
116,Chevrolet,Astro,2003,Indigo,Truck,3,Gas,12,2486
117,Cadillac,XLR-V,2007,Purple,Van,2,Gas,4,1817
118,Acura,NSX,1993,Violet,Station Wagon,2,Diesel,4,2933
119,Land Rover,Range Rover,2012,Pink,Sedan,2,Electric,4,2641
120,Lincoln,Mark VIII,1997,Purple,Truck,2,Hybrid,12,1777
121,BMW,X5 M,2012,Mauv,Minivan,3,Hybrid,4,2135
122,Dodge,Ram Van 1500,2003,Indigo,Truck,3,Gas,3,1516
123,Dodge,Caliber,2008,Pink,Truck,3,Hybrid,8,1904
124,Dodge,Ram 2500,2010,Mauv,Convertible,2,Hybrid,3,2842
125,Lexus,LS,1995,Orange,Convertible,3,Electric,3,2148
126,Spyker,C8 Spyder,2004,Yellow,Van,2,Hybrid,4,2768
127,BMW,X6 M,2012,Turquoise,Convertible,3,Hybrid,12,2746
128,Honda,Odyssey,2011,Mauv,Hatchback,3,Gas,6,1142
129,Ford,Escort,2000,Turquoise,Convertible,2,Electric,8,1711
130,Maserati,Spyder,2002,Indigo,Convertible,3,Hybrid,4,2418
131,Ford,F250,1995,Maroon,Convertible,3,Gas,8,1226
132,Subaru,Legacy,2001,Yellow,Coupe,3,Gas,4,2053
133,Toyota,Avalon,1998,Fuscia,Station Wagon,3,Diesel,3,1827
134,Pontiac,Grand Am,1986,Goldenrod,Truck,3,Gas,4,2378
135,Acura,NSX,2002,Green,SUV,3,Hybrid,4,2557
136,Mitsubishi,Eclipse,2002,Mauv,Hatchback,2,Gas,4,1843
137,Toyota,Sienna,2011,Fuscia,Hatchback,2,Diesel,8,1226
138,Toyota,Matrix,2003,Orange,Convertible,2,Electric,12,1795
139,Mazda,B-Series,2008,Pink,Minivan,3,Hybrid,6,1393
140,Lamborghini,Gallardo,2003,Teal,SUV,3,Electric,12,2885
141,Toyota,Corolla,1998,Fuscia,Truck,3,Gas,12,1918
142,Kia,Optima,2011,Mauv,Minivan,2,Hybrid,6,1059
143,Rolls-Royce,Phantom,2009,Puce,SUV,3,Electric,6,2006
144,Toyota,4Runner,1999,Maroon,Van,3,Electric,3,1038
145,Ford,Mustang,1994,Puce,Station Wagon,2,Gas,3,1585
146,Acura,TL,2002,Blue,Convertible,2,Diesel,8,1126
147,Chrysler,Town & Country,1994,Orange,Truck,3,Gas,4,2967
148,Dodge,Ram Van 2500,2003,Khaki,Minivan,2,Hybrid,6,1043
149,Cadillac,CTS,2003,Crimson,Sedan,3,Gas,8,1282
150,Hummer,H1,2004,Indigo,SUV,3,Electric,8,2346
151,Subaru,Alcyone SVX,1995,Blue,Truck,3,Diesel,4,2532
152,Ford,Escort,1990,Orange,Sedan,3,Diesel,4,1269
153,Mazda,B-Series,1990,Indigo,Hatchback,2,Hybrid,4,2242
154,Toyota,Avalon,2001,Mauv,Coupe,2,Electric,6,1149
155,Toyota,FJ Cruiser,2012,Turquoise,Hatchback,2,Electric,12,2104
156,Honda,Accord,1986,Purple,Hatchback,2,Hybrid,6,1272
157,Cadillac,Escalade,2004,Khaki,Minivan,2,Diesel,4,1260
158,Honda,CR-V,1999,Mauv,Minivan,3,Electric,4,2118
159,Ford,Laser,1987,Mauv,Station Wagon,3,Gas,6,1152
160,Bentley,Continental Super,2011,Aquamarine,Station Wagon,3,Hybrid,3,1704
161,Honda,Civic,2010,Puce,Truck,3,Diesel,12,2955
162,Chevrolet,Corsica,1992,Orange,Sedan,3,Gas,4,1477
163,Dodge,Ram 1500,2004,Khaki,Hybrid,2,Diesel,3,2487
164,BMW,3 Series,2010,Aquamarine,Hatchback,2,Diesel,3,1062
165,Mitsubishi,Lancer Evolution,2010,Yellow,Minivan,3,Electric,12,2256
166,Ford,Thunderbird,2005,Turquoise,Sedan,2,Hybrid,12,1804
167,Buick,Regal,1999,Purple,Convertible,2,Hybrid,12,1348
168,Nissan,300ZX,1996,Violet,Sedan,3,Hybrid,8,1801
169,GMC,Sonoma,2000,Teal,Minivan,3,Gas,12,2797
170,Jaguar,XK,2006,Indigo,Sedan,2,Electric,6,2316
171,Volkswagen,GTI,1992,Pink,Hatchback,3,Electric,8,2112
172,Nissan,Frontier,2001,Indigo,SUV,3,Hybrid,3,1055
173,Chevrolet,Caprice,1992,Yellow,Van,2,Electric,8,1730
174,Chevrolet,Sportvan G30,1994,Green,Van,2,Diesel,6,1079
175,Ford,Ranger,2009,Red,Convertible,2,Electric,8,1038
176,Nissan,Frontier,2011,Blue,Van,2,Diesel,12,2735
177,Chrysler,Concorde,1999,Orange,Convertible,2,Electric,12,1395
178,Lincoln,Town Car,1998,Red,Sedan,2,Hybrid,3,1640
179,Subaru,Forester,2006,Teal,Station Wagon,2,Hybrid,3,2307
180,Land Rover,Range Rover,2000,Pink,Minivan,2,Diesel,12,1112
181,Hummer,H2,2006,Khaki,Hybrid,3,Electric,3,1373
182,Mercury,Tracer,1992,Pink,Sedan,2,Gas,6,1349
183,Dodge,Dakota,1995,Violet,Coupe,2,Electric,8,1108
184,Mercury,Grand Marquis,2004,Indigo,Sedan,3,Hybrid,3,1063
185,Mazda,Familia,1992,Fuscia,Truck,3,Diesel,6,2255
186,BMW,Z3,2000,Fuscia,Minivan,3,Gas,12,1929
187,Aston Martin,Rapide,2012,Goldenrod,Minivan,2,Hybrid,8,2639
188,Jeep,Grand Cherokee,2003,Mauv,Station Wagon,3,Hybrid,4,1074
189,Dodge,Ram Wagon B250,1994,Blue,Convertible,2,Diesel,6,2715
190,Suzuki,Sidekick,1996,Maroon,Truck,3,Diesel,8,1384
191,Dodge,Ram Van B350,1992,Purple,Convertible,3,Diesel,3,2328
192,Chevrolet,Aveo,2009,Violet,Coupe,3,Hybrid,4,1315
193,Mercury,Marauder,2004,Red,Coupe,2,Hybrid,4,2986
194,Mitsubishi,Pajero,2003,Orange,Truck,3,Hybrid,8,1790
195,Mazda,CX-7,2010,Khaki,SUV,2,Electric,6,2281
196,Volkswagen,Tiguan,2011,Puce,Van,2,Electric,12,2805
197,Maybach,57S,2005,Turquoise,Truck,2,Gas,6,2431
198,Volvo,C70,2008,Mauv,Convertible,3,Diesel,6,2647
199,GMC,Sierra 2500,2012,Aquamarine,SUV,2,Gas,12,1281
200,Rolls-Royce,Phantom,2012,Pink,Hybrid,3,Diesel,6,1622
201,Ford,E-Series,1988,Blue,Hybrid,2,Diesel,12,2065
202,Ford,E150,2010,Goldenrod,SUV,2,Gas,3,1770
203,Land Rover,Range Rover,1999,Purple,Convertible,2,Electric,4,1244
204,Chevrolet,Lumina,1994,Turquoise,Convertible,3,Electric,4,2922
205,Ford,Probe,1993,Violet,Van,3,Hybrid,4,2351
206,Cadillac,Escalade EXT,2009,Purple,Hybrid,3,Electric,6,1909
207,Oldsmobile,Bravada,1994,Goldenrod,Van,2,Hybrid,3,1150
208,Volkswagen,Eos,2008,Aquamarine,Hybrid,3,Gas,12,2762
209,Nissan,Armada,2007,Pink,Van,2,Electric,12,2764
210,Chrysler,Town & Country,1999,Purple,SUV,2,Gas,6,2832
211,Daewoo,Leganza,1999,Red,Truck,2,Electric,12,2049
212,GMC,Envoy,2005,Aquamarine,Truck,2,Gas,4,2268
213,Buick,Roadmaster,1995,Red,Van,3,Diesel,4,2777
214,GMC,Canyon,2008,Blue,SUV,2,Hybrid,8,2098
215,Scion,xB,2006,Red,Minivan,2,Electric,3,2406
216,Volkswagen,Type 2,1986,Aquamarine,Convertible,2,Diesel,8,2247
217,Acura,TL,2011,Khaki,Station Wagon,3,Diesel,3,2821
218,Cadillac,SRX,2005,Mauv,Sedan,2,Gas,4,1124
219,Honda,Insight,2004,Pink,Minivan,3,Diesel,8,1735
220,Buick,LeSabre,2005,Teal,Truck,2,Hybrid,12,2629
221,Mazda,Miata MX-5,2011,Red,Convertible,3,Gas,12,1222
222,Toyota,Corolla,2005,Puce,Minivan,3,Diesel,8,1946
223,Chrysler,300,2012,Purple,Minivan,2,Diesel,4,2716
224,Acura,CL,2001,Aquamarine,Van,3,Electric,8,2136
225,Ford,Explorer,1996,Orange,Hatchback,3,Hybrid,6,2800
226,Honda,Accord,1997,Fuscia,Sedan,3,Diesel,8,2362
227,Suzuki,Grand Vitara,2006,Crimson,Minivan,3,Diesel,12,2134
228,Chevrolet,Suburban 1500,1998,Aquamarine,Hatchback,3,Electric,4,1708
229,Audi,S8,2008,Purple,Station Wagon,3,Hybrid,12,1645
230,Nissan,Frontier,2012,Blue,Station Wagon,2,Diesel,6,1138
231,Suzuki,Forenza,2006,Crimson,SUV,3,Hybrid,4,1530
232,Chevrolet,Tahoe,2002,Khaki,Hybrid,3,Electric,8,2409
233,Ford,Escort,2004,Khaki,Station Wagon,2,Electric,3,2708
234,Toyota,Matrix,2007,Blue,Truck,3,Diesel,3,1494
235,Scion,tC,2005,Red,Minivan,3,Hybrid,8,2408
236,Saturn,VUE,2009,Purple,Minivan,3,Diesel,8,2696
237,Buick,Riviera,1992,Violet,Van,2,Diesel,8,1504
238,Lexus,ES,2004,Mauv,Sedan,2,Electric,3,1868
239,MINI,Clubman,2010,Orange,Hybrid,2,Electric,4,1662
240,Lamborghini,Countach,1986,Red,Minivan,2,Electric,12,1951
241,Buick,Estate,1990,Blue,Hatchback,2,Electric,4,1653
242,Ferrari,F430 Spider,2006,Goldenrod,Hybrid,3,Electric,3,1144
243,Chevrolet,Cruze,2012,Pink,Station Wagon,3,Gas,12,2389
244,Oldsmobile,Silhouette,1994,Fuscia,Station Wagon,2,Gas,6,2154
245,Honda,Odyssey,2009,Crimson,Station Wagon,2,Gas,4,1334
246,Ford,Windstar,2001,Indigo,Coupe,2,Gas,12,2575
247,Volkswagen,Fox,1989,Goldenrod,Minivan,3,Electric,6,1989
248,Subaru,Legacy,2002,Indigo,Minivan,2,Electric,3,1498
249,Volkswagen,GTI,2004,Goldenrod,Van,2,Hybrid,12,2652
250,Ford,Econoline E350,1997,Blue,Van,2,Diesel,8,2330
251,Saturn,L-Series,2001,Yellow,Convertible,3,Gas,8,2357
252,Pontiac,Safari,1988,Purple,Truck,3,Hybrid,6,1089
253,Lexus,GS,1996,Teal,Hybrid,3,Hybrid,4,1917
254,Chevrolet,G-Series 1500,1996,Turquoise,Minivan,3,Gas,12,1034
255,Infiniti,QX,2000,Pink,Convertible,2,Electric,12,1579
256,Volkswagen,Jetta,2006,Yellow,Coupe,3,Electric,3,1178
257,GMC,Yukon XL 1500,2010,Orange,Van,2,Hybrid,3,1911
258,GMC,2500,1994,Goldenrod,Station Wagon,3,Diesel,6,2971
259,Chevrolet,Tracker,1999,Purple,SUV,2,Gas,8,2943
260,Oldsmobile,Cutlass Cruiser,1994,Indigo,Hatchback,3,Diesel,12,2971
261,Mazda,B-Series,2008,Purple,Minivan,3,Gas,8,1266
262,Infiniti,QX,2008,Crimson,Sedan,2,Hybrid,6,2337
263,GMC,Sierra 1500,2013,Pink,Sedan,2,Diesel,12,1631
264,Buick,LeSabre,1992,Green,SUV,3,Gas,12,2267
265,GMC,Yukon XL 2500,2007,Mauv,Hatchback,2,Electric,8,1338
266,Spyker,C8,2006,Goldenrod,Coupe,3,Hybrid,6,1839
267,Volkswagen,Fox,1991,Violet,Hatchback,2,Electric,12,2842
268,Buick,Skylark,1996,Fuscia,Truck,3,Hybrid,4,1279
269,Toyota,Solara,2008,Crimson,Truck,3,Gas,8,2851
270,Nissan,Maxima,1993,Mauv,Hybrid,3,Gas,4,1430
271,BMW,X5,2001,Crimson,Hatchback,3,Electric,12,2368
272,Mazda,RX-8,2007,Green,Sedan,2,Hybrid,6,1425
273,Scion,tC,2005,Aquamarine,Van,2,Hybrid,4,1306
274,Nissan,350Z Roadster,2006,Indigo,Minivan,3,Hybrid,4,1485
275,Audi,A6,2011,Puce,Minivan,2,Gas,4,1068
276,Ford,Fusion,2006,Turquoise,SUV,3,Diesel,8,1012
277,Volvo,XC90,2011,Purple,Minivan,3,Electric,3,1024
278,Saturn,Relay,2006,Fuscia,Hybrid,2,Gas,6,1794
279,Volkswagen,Eos,2012,Purple,Hybrid,3,Electric,4,1026
280,Mercury,Milan,2010,Green,Hatchback,2,Electric,3,1516
281,Chevrolet,Silverado 2500,2009,Yellow,Station Wagon,3,Diesel,3,2551
282,Volvo,V50,2011,Yellow,Coupe,3,Electric,12,1728
283,Volvo,V50,2005,Blue,Truck,2,Gas,12,1229
284,Nissan,Frontier,2003,Blue,Sedan,2,Gas,8,1775
285,Subaru,Outback,2008,Yellow,Convertible,2,Hybrid,8,2650
286,Ford,Explorer Sport Trac,2003,Violet,Hybrid,3,Hybrid,12,2920
287,Chevrolet,Malibu,2011,Goldenrod,Convertible,2,Gas,8,1369
288,Mercedes-Benz,SL-Class,2009,Turquoise,SUV,2,Gas,12,2587
289,Dodge,Dakota Club,1992,Fuscia,Coupe,3,Diesel,12,1755
290,Cadillac,Escalade ESV,2009,Aquamarine,Convertible,2,Hybrid,4,2192
291,BMW,6 Series,2010,Crimson,Convertible,3,Electric,4,1899
292,Dodge,Ram,2009,Turquoise,Coupe,3,Electric,4,2676
293,Acura,Legend,1988,Violet,Minivan,2,Electric,6,2735
294,Dodge,Neon,2001,Teal,SUV,2,Diesel,4,2543
295,MINI,Cooper Countryman,2012,Pink,Minivan,2,Hybrid,6,2513
296,MINI,Cooper,2003,Yellow,Station Wagon,3,Gas,12,2336
297,Ford,Five Hundred,2007,Maroon,SUV,2,Electric,3,1821
298,Volkswagen,GTI,1997,Aquamarine,SUV,2,Diesel,4,1300
299,GMC,Sierra 1500,2000,Crimson,Hybrid,2,Diesel,4,2340
300,Volvo,V70,1999,Puce,Sedan,2,Electric,3,1344
301,Toyota,Avalon,2011,Violet,Truck,2,Gas,4,2434
302,Lexus,IS,2005,Fuscia,Station Wagon,3,Hybrid,6,1094
303,Chrysler,LeBaron,1995,Turquoise,Van,2,Hybrid,8,2547
304,Dodge,Dakota Club,1996,Pink,Station Wagon,3,Gas,4,2910
305,Lexus,LS Hybrid,2012,Violet,Sedan,2,Gas,8,2411
306,Subaru,Alcyone SVX,1992,Purple,Hatchback,3,Electric,3,2897
307,GMC,3500,1997,Green,Hybrid,3,Electric,6,1398
308,Ford,Crown Victoria,2008,Fuscia,Station Wagon,2,Electric,12,1891
309,Mazda,MX-3,1993,Violet,Sedan,3,Diesel,3,2200
310,Mazda,626,1999,Violet,Coupe,2,Electric,8,1991
311,Isuzu,VehiCROSS,1999,Purple,Minivan,3,Electric,6,2633
312,Alfa Romeo,Spider,1992,Khaki,Station Wagon,3,Electric,3,1917
313,Lamborghini,Aventador,2012,Aquamarine,Sedan,2,Gas,3,1008
314,Pontiac,Firefly,1984,Red,Hatchback,3,Gas,8,1291
315,Ford,Country,1967,Aquamarine,Truck,3,Hybrid,3,1201
316,Audi,A3,2006,Indigo,Truck,2,Electric,8,1733
317,Chevrolet,Uplander,2007,Red,Van,2,Diesel,3,2533
318,GMC,Acadia,2010,Crimson,Sedan,2,Electric,6,1250
319,Mitsubishi,Mighty Max,1995,Puce,Hybrid,2,Gas,6,2204
320,Honda,Civic,2012,Purple,Hatchback,2,Electric,4,1371
321,Honda,S2000,2002,Turquoise,SUV,2,Electric,3,2025
322,Mazda,Familia,1990,Turquoise,Hatchback,3,Hybrid,12,1219
323,Eagle,Talon,1997,Red,SUV,2,Hybrid,12,1113
324,Buick,Park Avenue,1998,Crimson,Hybrid,3,Hybrid,12,1459
325,Mercedes-Benz,500E,1993,Yellow,SUV,2,Hybrid,8,2347
326,Toyota,Matrix,2009,Violet,Station Wagon,3,Diesel,8,2660
327,Mercury,Mariner,2008,Pink,Convertible,2,Hybrid,6,2725
328,BMW,M5,2003,Yellow,SUV,3,Hybrid,6,2843
329,Hyundai,Sonata,1992,Violet,Hatchback,2,Diesel,4,2874
330,Pontiac,Tempest,1967,Pink,SUV,3,Electric,12,2375
331,Infiniti,M,2004,Maroon,SUV,3,Hybrid,6,2880
332,Kia,Sephia,1999,Pink,SUV,3,Diesel,8,1581
333,Porsche,911,1999,Crimson,Sedan,3,Diesel,4,1459
334,Volvo,S60,2012,Fuscia,Hybrid,3,Hybrid,6,2504
335,Lotus,Esprit,1997,Puce,Coupe,2,Hybrid,4,2555
336,GMC,Savana 3500,2010,Khaki,SUV,3,Gas,6,2889
337,Nissan,Xterra,2006,Aquamarine,Station Wagon,3,Gas,8,1290
338,Audi,A6,2009,Fuscia,Station Wagon,3,Electric,6,1814
339,Jeep,Patriot,2009,Violet,Hybrid,2,Diesel,8,1885
340,Mazda,Navajo,1992,Puce,Coupe,3,Diesel,12,1291
341,Oldsmobile,Silhouette,2004,Goldenrod,Hybrid,3,Electric,12,2902
342,Honda,Fit,2009,Goldenrod,Hybrid,2,Hybrid,8,2157
343,Dodge,Ram Van B350,1992,Puce,Van,2,Diesel,8,1908
344,Honda,Odyssey,1998,Green,Coupe,2,Gas,8,2306
345,Morgan,Aero 8,2007,Puce,Hybrid,3,Electric,3,1349
346,Buick,Skylark,1986,Puce,Van,3,Hybrid,12,1216
347,Hyundai,Santa Fe,2007,Aquamarine,SUV,3,Electric,8,1149
348,Mazda,B-Series,2009,Orange,Sedan,2,Electric,8,2768
349,Honda,CR-V,2002,Red,Minivan,3,Gas,4,1180
350,Honda,Civic,1995,Purple,SUV,2,Diesel,4,1380
351,Aston Martin,Vantage,2010,Khaki,Coupe,3,Hybrid,3,2090
352,Audi,A4,2011,Violet,SUV,3,Gas,6,2028
353,Buick,LeSabre,2005,Teal,Minivan,2,Hybrid,6,2653
354,Mercury,Mountaineer,2004,Khaki,Convertible,2,Diesel,4,1619
355,Subaru,Alcyone SVX,1994,Aquamarine,Station Wagon,2,Diesel,12,1506
356,Bentley,Continental GTC,2008,Green,Sedan,2,Gas,3,1842
357,Audi,A8,1999,Indigo,Hatchback,2,Electric,12,2319
358,Hyundai,Accent,2007,Khaki,Convertible,3,Diesel,6,1934
359,Subaru,Forester,2007,Mauv,SUV,3,Hybrid,12,1409
360,Dodge,Charger,2009,Indigo,Van,3,Electric,3,2886
361,Dodge,Viper RT/10,1993,Blue,Truck,2,Electric,4,1731
362,Ford,EXP,1985,Red,Hatchback,2,Electric,4,2777
363,Mercedes-Benz,SL-Class,2005,Violet,Hybrid,3,Diesel,4,1652
364,Saab,9000,1987,Mauv,Convertible,2,Hybrid,6,1495
365,Mitsubishi,Galant,1991,Blue,Coupe,2,Gas,6,1796
366,Dodge,Caravan,2000,Maroon,Hybrid,2,Electric,8,2606
367,BMW,Z4 M,2006,Teal,Hatchback,2,Electric,3,2243
368,Volkswagen,Rabbit,2007,Blue,Truck,3,Electric,4,2793
369,Saab,9-3,2002,Maroon,SUV,3,Hybrid,3,2892
370,Saturn,Sky,2009,Puce,Sedan,2,Diesel,4,1744
371,GMC,Yukon,1999,Puce,Minivan,2,Hybrid,3,1666
372,Volvo,C70,2000,Puce,Hatchback,2,Electric,8,2903
373,Audi,A4,1999,Red,Station Wagon,3,Electric,8,1867
374,Chevrolet,Silverado 3500,2004,Aquamarine,Minivan,2,Hybrid,6,2438
375,Hyundai,Sonata,2001,Indigo,Sedan,2,Hybrid,4,1173
376,Kia,Spectra,2009,Pink,Hatchback,3,Electric,6,2849
377,Land Rover,Defender,1997,Purple,Hatchback,2,Hybrid,8,2909
378,Hyundai,Accent,2002,Orange,SUV,2,Diesel,6,2451
379,Buick,Enclave,2012,Teal,Hatchback,2,Hybrid,6,2405
380,Plymouth,Breeze,2000,Orange,Minivan,2,Diesel,4,1213
381,Chevrolet,Silverado Hybrid,2006,Blue,Hatchback,3,Diesel,3,1437
382,Suzuki,Forenza,2008,Indigo,Sedan,3,Electric,3,1394
383,BMW,5 Series,2004,Turquoise,SUV,2,Hybrid,8,2300
384,Volkswagen,Tiguan,2011,Blue,Convertible,3,Diesel,12,2608
385,Dodge,Intrepid,2002,Pink,Van,3,Hybrid,3,2954
386,Mitsubishi,Precis,1986,Puce,SUV,2,Electric,12,1823
387,Dodge,Viper,1996,Purple,Sedan,3,Hybrid,6,2777
388,Subaru,Legacy,1999,Red,Minivan,2,Hybrid,12,2915
389,Nissan,Quest,2007,Goldenrod,Sedan,2,Hybrid,8,1083
390,Lincoln,Aviator,2003,Pink,Hatchback,3,Hybrid,6,2772
391,Ford,E-Series,2003,Violet,SUV,2,Hybrid,12,2294
392,Audi,TT,2002,Khaki,Truck,3,Electric,4,1635
393,Audi,Coupe GT,1985,Yellow,Sedan,3,Gas,8,1113
394,Dodge,Challenger,2009,Khaki,Hybrid,2,Gas,6,1452
395,Suzuki,Grand Vitara,1999,Yellow,Hybrid,3,Hybrid,6,2878
396,Chevrolet,Express 2500,2008,Mauv,Hatchback,2,Electric,12,2744
397,Lincoln,Continental,1996,Green,Van,3,Diesel,4,2371
398,Land Rover,Freelander,2004,Yellow,Truck,3,Gas,12,1511
399,Toyota,Tundra,2007,Crimson,Hybrid,2,Gas,3,2324
400,Volkswagen,Golf,2006,Turquoise,Van,3,Diesel,6,2263
401,Mazda,MX-5,2005,Crimson,Convertible,2,Gas,12,1771
402,Honda,Prelude,1998,Violet,Hybrid,2,Gas,4,1302
403,Porsche,Cayenne,2013,Orange,Van,2,Hybrid,8,2803
404,Subaru,Forester,2009,Puce,Minivan,3,Diesel,8,1229
405,MINI,Cooper,2006,Khaki,Minivan,2,Gas,8,2145
406,Mercury,Mystique,1996,Fuscia,Coupe,2,Gas,6,1809
407,Ford,F150,2002,Puce,Convertible,3,Hybrid,3,2457
408,Mercury,Milan,2010,Pink,Sedan,2,Hybrid,4,1227
409,Nissan,Murano,2012,Turquoise,Minivan,2,Electric,4,2517
410,BMW,M Roadster,2007,Orange,Truck,3,Gas,3,1272
411,Cadillac,Sixty Special,1993,Orange,SUV,3,Diesel,4,1147
412,Cadillac,XLR,2007,Violet,Station Wagon,3,Electric,4,2846
413,Suzuki,XL7,2008,Aquamarine,Station Wagon,2,Diesel,3,1671
414,Toyota,4Runner,1992,Green,Truck,2,Diesel,3,2480
415,Chevrolet,Monte Carlo,2005,Goldenrod,SUV,2,Diesel,4,2428
416,Pontiac,Firebird,1990,Red,SUV,2,Hybrid,6,1145
417,Honda,Civic,2003,Indigo,Station Wagon,2,Hybrid,8,1362
418,Nissan,Rogue,2012,Orange,Hatchback,2,Hybrid,4,2857
419,Toyota,Tundra,2000,Puce,Hybrid,2,Hybrid,6,1733
420,Mitsubishi,Tredia,1985,Crimson,Hatchback,3,Diesel,6,1595
421,GMC,Jimmy,1992,Khaki,Van,3,Hybrid,3,2096
422,Toyota,Supra,1995,Blue,SUV,3,Gas,4,1606
423,Mercury,Sable,2008,Fuscia,Truck,3,Gas,8,2906
424,Infiniti,M,2012,Fuscia,SUV,3,Hybrid,8,1231
425,Pontiac,Grand Prix,1992,Turquoise,Convertible,2,Hybrid,8,1216
426,Porsche,944,1988,Blue,Coupe,3,Electric,12,1991
427,Chevrolet,S10 Blazer,1992,Puce,SUV,2,Diesel,3,1600
428,Land Rover,Freelander,2008,Crimson,Hybrid,3,Gas,6,1064
429,Volkswagen,Passat,1993,Puce,Sedan,3,Hybrid,8,2524
430,Infiniti,G35,2003,Green,Convertible,3,Gas,6,1168
431,Mercury,Marquis,1985,Maroon,SUV,2,Hybrid,8,1222
432,BMW,X5,2001,Aquamarine,Sedan,2,Hybrid,12,2024
433,BMW,X5,2005,Fuscia,Sedan,3,Hybrid,6,2633
434,Dodge,Charger,2012,Turquoise,Van,2,Hybrid,4,1474
435,Toyota,MR2,1986,Yellow,Truck,3,Diesel,8,1318
436,Lotus,Elise,2005,Purple,Coupe,2,Diesel,12,2649
437,Volkswagen,Jetta,1994,Turquoise,SUV,3,Electric,12,2678
438,Toyota,4Runner,2005,Indigo,Convertible,2,Diesel,3,1835
439,Lexus,IS,2003,Puce,Hybrid,3,Electric,3,2783
440,Mercedes-Benz,E-Class,1996,Teal,SUV,2,Gas,3,1961
441,Chevrolet,Express,2008,Aquamarine,SUV,2,Diesel,8,1224
442,Mercedes-Benz,SL-Class,2002,Green,Van,2,Hybrid,12,1934
443,Cadillac,DTS,2006,Turquoise,Convertible,2,Hybrid,12,2384
444,Volvo,960,1995,Violet,Station Wagon,3,Electric,8,1785
445,Hyundai,Veracruz,2011,Teal,SUV,2,Electric,3,2597
446,Acura,RSX,2002,Mauv,SUV,3,Gas,12,2735
447,Mitsubishi,Outlander,2004,Purple,Convertible,3,Gas,8,1314
448,Isuzu,Trooper,1995,Teal,Convertible,2,Diesel,4,1824
449,Chevrolet,Traverse,2009,Teal,Minivan,3,Hybrid,4,1306
450,Scion,xB,2010,Red,Truck,3,Gas,4,1063
451,Volkswagen,Fox,1991,Maroon,Minivan,3,Hybrid,12,2411
452,Ford,Mustang,1969,Mauv,Coupe,3,Gas,3,1431
453,Nissan,Altima,2009,Puce,Truck,3,Gas,4,2939
454,Mercury,Marauder,2003,Fuscia,SUV,3,Electric,8,2473
455,GMC,Jimmy,1996,Khaki,Coupe,3,Electric,8,1795
456,Cadillac,DeVille,2005,Green,Convertible,3,Diesel,12,2953
457,Nissan,300ZX,1994,Aquamarine,Minivan,2,Diesel,12,1981
458,Ford,Windstar,2002,Violet,Van,3,Electric,8,2731
459,Isuzu,Axiom,2002,Blue,Hatchback,3,Gas,12,1689
460,Buick,Lucerne,2007,Turquoise,Sedan,3,Electric,4,1972
461,Dodge,Ram 1500,1999,Red,Convertible,3,Diesel,12,1122
462,Hummer,H1,1999,Pink,Hybrid,3,Diesel,8,2496
463,Toyota,TundraMax,2009,Violet,Hatchback,2,Electric,12,2835
464,Hyundai,Veracruz,2011,Red,Van,2,Diesel,12,2008
465,GMC,Yukon Denali,2000,Teal,Hybrid,3,Diesel,4,1693
466,GMC,3500 Club Coupe,1994,Khaki,Sedan,2,Diesel,3,1643
467,Volkswagen,Golf,1999,Maroon,Coupe,2,Electric,3,2065
468,Ford,Escape,2011,Goldenrod,Minivan,2,Hybrid,4,1643
469,Pontiac,Firefly,1986,Teal,Minivan,2,Diesel,3,2294
470,Land Rover,Range Rover,1992,Mauv,SUV,3,Hybrid,12,1707
471,Volkswagen,New Beetle,2012,Blue,Convertible,3,Gas,6,1755
472,Mazda,B-Series Plus,1996,Teal,Station Wagon,3,Hybrid,12,2963
473,Audi,A4,2012,Orange,SUV,3,Hybrid,6,1822
474,Hyundai,Elantra,2001,Goldenrod,Coupe,2,Electric,3,2225
475,Chevrolet,Corvette,2001,Crimson,SUV,2,Gas,8,2338
476,Jeep,Compass,2007,Mauv,SUV,3,Hybrid,4,1480
477,Chevrolet,Cavalier,1999,Orange,Hybrid,3,Electric,4,1387
478,GMC,Suburban 2500,1996,Mauv,Convertible,2,Diesel,12,2870
479,BMW,5 Series,1993,Fuscia,Minivan,3,Hybrid,4,1507
480,Ford,Taurus,1997,Yellow,Convertible,2,Hybrid,4,2478
481,Holden,Monaro,2004,Yellow,Truck,2,Gas,8,1829
482,Toyota,Highlander,2012,Khaki,Minivan,2,Electric,4,2972
483,Chevrolet,Corvette,1956,Crimson,Coupe,3,Hybrid,4,2152
484,Chrysler,Sebring,2003,Fuscia,Convertible,2,Hybrid,8,2233
485,Dodge,Colt,1992,Red,Coupe,2,Hybrid,12,2157
486,Pontiac,Grand Prix,2001,Indigo,Station Wagon,3,Hybrid,4,2608
487,GMC,Savana 3500,1997,Indigo,Convertible,2,Gas,3,1218
488,Dodge,Viper RT/10,1995,Pink,Hybrid,3,Gas,4,1081
489,Daewoo,Leganza,2001,Purple,Hatchback,2,Gas,4,1988
490,Spyker,C8 Double 12 S,2006,Red,Truck,3,Diesel,3,2716
491,Ford,Ranger,2011,Aquamarine,SUV,3,Electric,12,1334
492,Mercedes-Benz,E-Class,2002,Blue,Hatchback,3,Gas,8,2483
493,Ford,Probe,1991,Maroon,Convertible,3,Diesel,4,1818
494,Pontiac,Firebird,1996,Pink,SUV,2,Hybrid,8,2002
495,GMC,Vandura G3500,1996,Purple,Minivan,2,Electric,12,1383
496,Audi,TT,2010,Puce,Truck,2,Gas,8,1472
497,Chevrolet,G-Series 1500,1998,Khaki,Station Wagon,3,Diesel,8,1070
498,Toyota,Venza,2010,Crimson,Station Wagon,2,Diesel,8,1595
499,Dodge,Grand Caravan,1998,Pink,Sedan,2,Hybrid,8,2595
500,Chevrolet,Corvette,1969,Purple,Hatchback,2,Gas,3,1307
501,Lotus,Esprit,1991,Maroon,Sedan,3,Gas,8,1009
502,Nissan,Altima,1998,Yellow,Hybrid,2,Diesel,12,2568
503,Mazda,Miata MX-5,1995,Indigo,Truck,2,Diesel,12,1950
504,Dodge,Charger,2009,Turquoise,Coupe,2,Electric,8,2905
505,Infiniti,QX,2005,Teal,Station Wagon,3,Gas,4,1290
506,Volkswagen,riolet,1992,Turquoise,Hatchback,3,Electric,3,1347
507,Honda,del Sol,1997,Mauv,Sedan,3,Hybrid,6,1358
508,Jaguar,X-Type,2003,Puce,Station Wagon,2,Hybrid,8,1156
509,Isuzu,i-290,2008,Violet,SUV,3,Hybrid,8,1968
510,Pontiac,Grand Prix,1967,Khaki,Van,2,Gas,8,1216
511,Chevrolet,Classic,2004,Fuscia,Station Wagon,2,Electric,8,1288
512,Eagle,Talon,1996,Blue,Station Wagon,3,Diesel,4,1239
513,Pontiac,Montana,2006,Goldenrod,Hatchback,3,Gas,12,2090
514,Mazda,Millenia,2001,Fuscia,Hybrid,3,Hybrid,6,2551
515,Lincoln,Continental,1992,Red,Convertible,3,Hybrid,8,2680
516,Acura,MDX,2006,Purple,Minivan,2,Diesel,8,1367
517,Honda,Odyssey,1998,Goldenrod,Van,2,Diesel,6,1814
518,Hummer,H3T,2010,Khaki,Convertible,3,Electric,8,1222
519,Volkswagen,Jetta,2000,Orange,Truck,3,Gas,12,1343
520,Buick,Regal,1999,Indigo,Minivan,2,Diesel,3,2526
521,Subaru,Forester,2009,Red,Truck,3,Gas,6,2336
522,Dodge,Viper RT/10,1994,Blue,Van,2,Diesel,4,2570
523,Mercedes-Benz,CL-Class,2012,Blue,Convertible,2,Electric,4,1640
524,Jeep,Compass,2007,Goldenrod,Van,3,Gas,6,2883
525,Ford,Mustang,1989,Blue,Minivan,2,Hybrid,4,2805
526,Ford,Taurus,1993,Purple,Van,2,Hybrid,8,1323
527,Ford,Aerostar,1996,Puce,Coupe,2,Diesel,6,2773
528,Saab,9000,1993,Yellow,SUV,2,Hybrid,8,1841
529,Chrysler,300C,2005,Khaki,Truck,2,Hybrid,4,2369
530,Mazda,626,1987,Turquoise,Sedan,3,Electric,6,2369
531,Volkswagen,Golf,1993,Green,Hybrid,3,Gas,6,2056
532,Ford,E-Series,2003,Maroon,Convertible,2,Electric,3,1542
533,Mitsubishi,Eclipse,1997,Indigo,Station Wagon,2,Gas,3,1965
534,Volkswagen,Corrado,1994,Yellow,Station Wagon,3,Electric,12,1106
535,Kia,Spectra5,2006,Yellow,Sedan,3,Diesel,6,2761
536,Nissan,350Z,2005,Blue,Minivan,3,Hybrid,8,1082
537,BMW,M3,1998,Violet,Truck,2,Gas,8,1349
538,Plymouth,Acclaim,1992,Teal,Station Wagon,3,Hybrid,8,2319
539,Pontiac,Bonneville,2002,Fuscia,Convertible,3,Diesel,3,2575
540,Oldsmobile,Silhouette,2000,Blue,Station Wagon,2,Gas,8,2941
541,BMW,M Roadster,2008,Pink,SUV,3,Electric,4,2052
542,Toyota,Tercel,1995,Puce,Van,3,Gas,3,2042
543,Dodge,Journey,2012,Goldenrod,Sedan,3,Hybrid,3,2996
544,Ford,F250,2010,Aquamarine,Coupe,2,Electric,6,2103
545,Pontiac,Bonneville,1997,Turquoise,Minivan,2,Electric,3,1489
546,Mazda,B-Series,1992,Green,Hatchback,3,Hybrid,8,2468
547,Hyundai,Elantra,2006,Blue,Truck,3,Diesel,12,2423
548,Nissan,Maxima,2006,Pink,Station Wagon,2,Hybrid,12,2604
549,Mercury,Milan,2010,Mauv,Convertible,3,Gas,8,1654
550,Pontiac,G8,2009,Blue,Station Wagon,3,Gas,8,1762
551,Jeep,Grand Cherokee,2003,Khaki,Van,3,Hybrid,3,2645
552,GMC,Safari,2001,Crimson,Convertible,3,Electric,6,1483
553,Ford,Expedition EL,2009,Aquamarine,Coupe,3,Hybrid,8,1590
554,Lexus,ES,1995,Crimson,SUV,3,Gas,3,2642
555,BMW,7 Series,1995,Aquamarine,Minivan,2,Electric,6,2240
556,Dodge,D350,1992,Crimson,Hatchback,2,Gas,6,1938
557,Toyota,MR2,1986,Puce,Hybrid,3,Gas,4,2646
558,Oldsmobile,Aurora,2001,Aquamarine,SUV,3,Electric,12,2491
559,Audi,A8,2008,Violet,Truck,2,Hybrid,3,2474
560,Volvo,S60,2003,Goldenrod,Convertible,3,Hybrid,8,2112
561,Buick,Century,1987,Blue,SUV,2,Gas,12,1444
562,Chevrolet,Silverado 3500,2002,Fuscia,Hatchback,3,Electric,6,1207
563,Bentley,Brooklands,2010,Crimson,Convertible,3,Electric,12,1422
564,Isuzu,Hombre Space,1998,Green,Station Wagon,3,Hybrid,4,1243
565,Ford,Bronco,1991,Crimson,Station Wagon,2,Gas,4,2663
566,Mercedes-Benz,GL-Class,2008,Purple,SUV,2,Diesel,6,1042
567,Porsche,911,1987,Indigo,Convertible,3,Diesel,4,1502
568,Subaru,Outback,2006,Turquoise,Truck,2,Electric,6,1414
569,Audi,S4,2001,Khaki,Minivan,2,Hybrid,4,1878
570,Pontiac,6000,1984,Turquoise,Sedan,3,Hybrid,3,1954
571,BMW,5 Series,2008,Goldenrod,Van,3,Hybrid,3,1299
572,Lincoln,Mark LT,2007,Crimson,Truck,2,Hybrid,8,2330
573,Volkswagen,GTI,1985,Yellow,Coupe,3,Hybrid,4,1918
574,Toyota,Prius Plug-in Hybrid,2012,Puce,Coupe,3,Electric,12,2613
575,Ford,Crown Victoria,1996,Fuscia,Station Wagon,2,Hybrid,3,1151
576,Toyota,Highlander,2003,Orange,SUV,2,Diesel,6,2901
577,Volvo,XC70,2004,Green,Hatchback,3,Electric,8,1993
578,Hyundai,Accent,2012,Green,Hybrid,2,Hybrid,4,2288
579,Porsche,911,1986,Green,SUV,2,Electric,3,2589
580,Ford,Taurus,2004,Violet,Station Wagon,2,Hybrid,4,1798
581,Cadillac,DTS,2009,Blue,Minivan,2,Gas,4,2611
582,GMC,Jimmy,1993,Fuscia,Station Wagon,3,Gas,8,2332
583,Dodge,Neon,2004,Turquoise,Hybrid,2,Hybrid,12,2665
584,Subaru,Impreza,2007,Mauv,Station Wagon,3,Hybrid,12,2493
585,BMW,X5 M,2012,Fuscia,Sedan,3,Gas,12,2984
586,Toyota,Land Cruiser,1997,Goldenrod,Convertible,3,Diesel,6,2595
587,Ford,E-Series,2005,Puce,Van,3,Diesel,6,1906
588,Jensen,Interceptor,1967,Khaki,Sedan,3,Gas,8,1521
589,Pontiac,Grand Prix,1989,Mauv,Hybrid,2,Hybrid,6,1859
590,Audi,A3,2009,Indigo,Minivan,3,Hybrid,12,1264
591,Ford,Club Wagon,1998,Orange,Coupe,2,Hybrid,3,2430
592,Dodge,Challenger,2012,Indigo,SUV,2,Hybrid,4,1802
593,Bentley,Continental Flying Spur,2006,Green,Hatchback,2,Hybrid,3,1486
594,Toyota,Tacoma,2001,Orange,Hybrid,3,Hybrid,8,2702
595,Cadillac,CTS,2011,Yellow,Hybrid,2,Gas,6,2340
596,Mercedes-Benz,SLK-Class,2007,Blue,Sedan,3,Diesel,3,2663
597,Ford,EXP,1987,Pink,Minivan,3,Hybrid,12,1745
598,Mercedes-Benz,E-Class,2001,Teal,SUV,3,Gas,3,2135
599,Ferrari,612 Scaglietti,2006,Purple,Convertible,3,Gas,4,1129
600,Pontiac,Grand Am,2005,Puce,Truck,3,Hybrid,3,2611
601,Mercury,Cougar,1995,Crimson,Station Wagon,3,Diesel,6,2760
602,GMC,Savana 3500,2006,Khaki,Convertible,2,Diesel,12,2467
603,Infiniti,J,1997,Indigo,Convertible,3,Electric,12,1099
604,Jaguar,XK Series,1998,Pink,Coupe,3,Gas,12,2943
605,Cadillac,Escalade,2006,Crimson,Hybrid,3,Hybrid,8,2988
606,Acura,MDX,2012,Fuscia,SUV,2,Electric,12,1328
607,Oldsmobile,Toronado,1992,Fuscia,Hybrid,3,Electric,12,1787
608,Subaru,Forester,2005,Puce,Truck,2,Hybrid,4,1915
609,Eagle,Talon,1998,Green,Van,2,Diesel,6,2694
610,Ford,Escape,2004,Fuscia,SUV,3,Gas,12,1371
611,Mitsubishi,Eclipse,1993,Purple,Coupe,3,Gas,12,2476
612,Mazda,RX-7,1987,Orange,Sedan,2,Electric,8,2048
613,Audi,R8,2008,Goldenrod,Truck,2,Gas,8,2132
614,Ford,F350,1995,Khaki,SUV,3,Gas,4,1415
615,Toyota,Camry,2000,Pink,Convertible,2,Diesel,3,1862
616,Toyota,TundraMax,2012,Green,Truck,2,Electric,6,1713
617,Mazda,Mazda6,2012,Teal,Minivan,3,Diesel,4,1394
618,Cadillac,Escalade,2011,Violet,Coupe,2,Hybrid,12,2266
619,Isuzu,Rodeo,2001,Indigo,Minivan,2,Electric,12,2333
620,Toyota,RAV4,2012,Puce,SUV,3,Hybrid,6,1201
621,Toyota,FJ Cruiser,2008,Green,SUV,2,Electric,12,2145
622,Acura,TL,2005,Purple,Station Wagon,2,Electric,4,1522
623,Chevrolet,Express 1500,2003,Turquoise,Van,2,Diesel,4,1901
624,Corbin,Sparrow,2004,Blue,Truck,2,Electric,8,1818
625,Mercedes-Benz,C-Class,1998,Red,Sedan,2,Hybrid,3,2146
626,Nissan,JUKE,2011,Violet,Truck,3,Gas,12,1164
627,Chevrolet,S10,1997,Purple,Truck,2,Electric,6,1203
628,Ford,Explorer Sport Trac,2006,Puce,SUV,2,Hybrid,6,2437
629,Chevrolet,Classic,2004,Blue,Convertible,2,Hybrid,6,2605
630,Subaru,SVX,1994,Yellow,Van,3,Diesel,6,1830
631,Cadillac,CTS,2011,Blue,Station Wagon,3,Gas,3,2699
632,Hummer,H1,2002,Puce,Van,2,Gas,8,2964
633,Chevrolet,Silverado 1500,2006,Fuscia,Sedan,3,Diesel,12,2326
634,Saab,9-2X,2006,Indigo,Minivan,3,Hybrid,4,1575
635,Toyota,Celica,2005,Red,Truck,2,Hybrid,12,1075
636,Buick,Coachbuilder,1994,Fuscia,Sedan,2,Gas,8,2373
637,Mitsubishi,Lancer Evolution,2011,Green,Minivan,3,Hybrid,6,1156
638,Volkswagen,Eurovan,1994,Orange,Convertible,2,Diesel,12,2436
639,Ford,Ranger,2008,Crimson,Station Wagon,3,Electric,12,2726
640,Chevrolet,Suburban,2006,Purple,Station Wagon,3,Diesel,6,1502
641,Chevrolet,Corvette,2007,Pink,Truck,3,Hybrid,12,2890
642,Plymouth,Breeze,1996,Teal,Minivan,3,Electric,4,1316
643,Ford,Explorer Sport Trac,2007,Khaki,Minivan,3,Electric,8,1095
644,Audi,A4,1997,Fuscia,Hybrid,2,Gas,4,1274
645,Ford,F450,2009,Turquoise,Hatchback,2,Hybrid,6,2657
646,Ferrari,612 Scaglietti,2009,Green,Station Wagon,2,Hybrid,12,2797
647,Chevrolet,Cavalier,1999,Goldenrod,Hybrid,3,Gas,4,2643
648,Chevrolet,Caprice,1994,Goldenrod,Hatchback,2,Diesel,8,2536
649,Ford,Expedition,2012,Red,SUV,2,Diesel,6,1998
650,Toyota,4Runner,2008,Fuscia,Van,2,Electric,4,1266
651,Ford,Flex,2011,Teal,Convertible,3,Gas,12,1314
652,Ford,LTD,1984,Puce,Hatchback,2,Electric,4,1956
653,Volvo,S40,2003,Goldenrod,Truck,3,Hybrid,12,1606
654,Nissan,Armada,2006,Crimson,SUV,3,Gas,6,2737
655,Acura,NSX,1992,Goldenrod,SUV,3,Electric,4,2418
656,Ford,Thunderbird,2002,Khaki,SUV,3,Gas,6,1802
657,Jaguar,XJ Series,2005,Indigo,SUV,2,Diesel,6,2969
658,Ford,Mustang,1993,Teal,SUV,3,Gas,6,1904
659,Mitsubishi,Mirage,1993,Goldenrod,Van,2,Diesel,8,1632
660,Acura,NSX,2004,Indigo,Sedan,3,Gas,12,2287
661,Infiniti,Q,1994,Khaki,Truck,3,Gas,8,2067
662,Pontiac,Sunbird,1988,Maroon,Hybrid,3,Electric,3,1051
663,Scion,FR-S,2013,Fuscia,SUV,2,Hybrid,4,1172
664,Toyota,4Runner,1993,Aquamarine,Minivan,2,Diesel,8,1213
665,Ford,Explorer,2011,Red,Sedan,3,Hybrid,3,1108
666,Chevrolet,Astro,1999,Crimson,Station Wagon,2,Hybrid,3,2060
667,Subaru,Forester,2004,Red,Van,3,Gas,4,2972
668,Acura,ZDX,2012,Turquoise,Station Wagon,2,Hybrid,4,2110
669,Mercury,Grand Marquis,2010,Fuscia,Convertible,2,Electric,4,1738
670,Ford,Crown Victoria,2000,Yellow,Station Wagon,3,Hybrid,8,1039
671,Jeep,Wrangler,1992,Teal,Sedan,2,Electric,12,2796
672,Nissan,Xterra,2008,Indigo,Convertible,2,Gas,8,2285
673,Volvo,S80,2003,Aquamarine,SUV,3,Diesel,4,2685
674,Toyota,Venza,2011,Maroon,Van,2,Hybrid,4,1527
675,BMW,7 Series,1995,Orange,Minivan,2,Gas,8,1528
676,Pontiac,Grand Am,2004,Orange,Minivan,2,Gas,12,1251
677,Lotus,Elise,2009,Puce,SUV,2,Gas,8,1124
678,Chevrolet,Bel Air,1967,Purple,Hybrid,3,Gas,4,1802
679,Land Rover,Freelander,2003,Khaki,Hybrid,3,Gas,3,1185
680,Dodge,Ram Wagon B250,1992,Orange,Hatchback,2,Hybrid,3,2356
681,Jeep,Wrangler,1997,Mauv,Coupe,3,Electric,4,1685
682,Mitsubishi,Excel,1987,Mauv,Station Wagon,2,Electric,6,2833
683,Oldsmobile,Intrigue,1999,Red,Truck,3,Diesel,4,2446
684,Oldsmobile,Silhouette,1993,Violet,Station Wagon,3,Hybrid,4,1608
685,Land Rover,Discovery,2012,Aquamarine,Hybrid,2,Electric,3,2622
686,Pontiac,Sunfire,1995,Yellow,Van,2,Diesel,3,1978
687,Pontiac,LeMans,1965,Aquamarine,Coupe,2,Hybrid,12,1871
688,Honda,CR-V,2003,Orange,SUV,3,Electric,8,2592
689,Chevrolet,Suburban 1500,2002,Crimson,Hatchback,3,Electric,4,2363
690,Jeep,Grand Cherokee,2010,Fuscia,Minivan,3,Electric,3,2379
691,Chevrolet,Camaro,2012,Red,Sedan,2,Hybrid,4,1909
692,GMC,Vandura 2500,1993,Violet,Hatchback,3,Gas,4,2218
693,Lincoln,Navigator,2000,Teal,SUV,2,Diesel,3,1286
694,Ford,Econoline E150,2000,Teal,Minivan,2,Diesel,3,1030
695,GMC,Envoy,2005,Yellow,Sedan,3,Hybrid,8,1509
696,Mercury,Cougar,1989,Puce,Sedan,3,Hybrid,8,1870
697,Hyundai,Accent,1999,Green,SUV,3,Diesel,8,1533
698,Pontiac,Grand Prix,1983,Goldenrod,Hatchback,2,Electric,3,2496
699,Volkswagen,Passat,2002,Crimson,Sedan,3,Diesel,3,2318
700,Volkswagen,GTI,1987,Turquoise,Sedan,3,Diesel,8,1603
701,Cadillac,XLR-V,2007,Red,Sedan,3,Gas,12,2209
702,Audi,A4,2005,Maroon,Sedan,3,Gas,3,2627
703,Toyota,Tacoma,2006,Pink,Convertible,3,Electric,4,1463
704,Chevrolet,Corvette,1973,Khaki,Hybrid,3,Hybrid,4,2958
705,Honda,Civic,1992,Indigo,Minivan,3,Electric,6,2330
706,Lincoln,Mark LT,2006,Violet,SUV,2,Electric,8,1228
707,Hyundai,Sonata,2009,Maroon,Minivan,2,Electric,8,2927
708,Toyota,Corolla,1999,Green,Truck,2,Electric,6,1044
709,Chevrolet,G-Series 2500,1998,Mauv,Hatchback,2,Diesel,8,1658
710,Chevrolet,Silverado 3500,2012,Fuscia,Truck,2,Electric,12,2861
711,Chevrolet,Suburban 1500,2009,Goldenrod,Station Wagon,2,Hybrid,8,2073
712,Maybach,62,2008,Yellow,Hybrid,3,Gas,6,1669
713,Ford,Ranger,2008,Green,Station Wagon,3,Diesel,8,2876
714,Ford,Mustang,1987,Indigo,Station Wagon,2,Gas,8,2085
715,Land Rover,Range Rover,1997,Aquamarine,Station Wagon,3,Diesel,12,1994
716,GMC,Rally Wagon G3500,1995,Khaki,Minivan,3,Hybrid,6,1290
717,Mitsubishi,Space,1984,Goldenrod,Van,2,Gas,8,1925
718,Mazda,B-Series,1990,Orange,Truck,2,Diesel,6,2931
719,Honda,Accord Crosstour,2010,Red,Coupe,2,Electric,8,1201
720,Pontiac,Grand Am,1996,Goldenrod,Van,2,Electric,12,2864
721,Lincoln,Town Car,2007,Goldenrod,Hybrid,2,Hybrid,4,2032
722,Acura,TL,2010,Goldenrod,Hatchback,2,Hybrid,8,2434
723,Ford,Probe,1995,Puce,Van,2,Hybrid,3,1890
724,Jeep,Wrangler,1997,Aquamarine,Van,3,Electric,4,1283
725,Mercedes-Benz,CL-Class,2003,Orange,Sedan,3,Gas,4,2460
726,Mazda,Mazda3,2008,Yellow,Sedan,2,Diesel,6,1247
727,Audi,Q7,2011,Yellow,Convertible,3,Electric,3,1107
728,Toyota,Tacoma Xtra,2003,Violet,Hybrid,2,Gas,6,2623
729,Mazda,CX-7,2010,Crimson,Station Wagon,2,Diesel,8,1906
730,Volvo,V70,2009,Crimson,Station Wagon,3,Hybrid,4,1796
731,Lexus,ES,2009,Blue,Coupe,3,Electric,12,2481
732,GMC,Rally Wagon 2500,1992,Teal,Station Wagon,3,Hybrid,3,1067
733,Mercedes-Benz,300SE,1992,Red,Minivan,3,Diesel,12,1749
734,Chevrolet,G-Series 2500,1996,Yellow,Sedan,3,Gas,3,1876
735,GMC,Savana 2500,2007,Green,Station Wagon,3,Electric,8,2788
736,Chevrolet,Lumina,1997,Green,Convertible,2,Electric,12,2428
737,Dodge,Intrepid,2002,Turquoise,Coupe,2,Diesel,8,2442
738,Mazda,626,1985,Puce,SUV,2,Electric,12,1242
739,Honda,Odyssey,1996,Orange,Van,2,Hybrid,6,1679
740,Nissan,Maxima,2003,Puce,Van,2,Diesel,6,1586
741,Land Rover,Discovery Series II,2000,Turquoise,Coupe,3,Hybrid,6,1667
742,Mercedes-Benz,M-Class,2000,Fuscia,Minivan,2,Hybrid,8,2949
743,Dodge,Caravan,1998,Turquoise,Van,2,Electric,3,1159
744,Chevrolet,Corsica,1992,Maroon,Hatchback,2,Hybrid,6,1944
745,Toyota,Camry Hybrid,2012,Turquoise,Truck,3,Gas,4,1974
746,Ford,Escort,1999,Violet,Station Wagon,2,Hybrid,4,2494
747,Lexus,LS,1998,Fuscia,Convertible,3,Diesel,8,1708
748,Honda,Pilot,2010,Crimson,Hybrid,2,Electric,12,1561
749,Ford,Escort,1986,Maroon,SUV,2,Diesel,4,2152
750,Ford,E250,2012,Maroon,Van,2,Electric,12,1060
751,Buick,Century,1995,Khaki,Hybrid,3,Electric,12,2125
752,Porsche,911,2008,Yellow,SUV,2,Hybrid,4,1484
753,Audi,S8,2007,Red,Convertible,3,Electric,8,1609
754,Mitsubishi,RVR,1992,Yellow,Hybrid,3,Gas,8,1422
755,Isuzu,Rodeo Sport,2002,Purple,Convertible,3,Hybrid,12,2725
756,Ford,Crown Victoria,1999,Fuscia,Hybrid,3,Electric,8,1756
757,Volkswagen,Jetta,1985,Aquamarine,Truck,2,Electric,8,2394
758,Spyker,C8 Spyder Wide Body,2004,Fuscia,Hatchback,2,Gas,12,1388
759,Subaru,Forester,2007,Purple,Minivan,3,Hybrid,8,1467
760,Mitsubishi,Mighty Max Macro,1992,Green,Coupe,3,Diesel,6,1315
761,Toyota,4Runner,1996,Blue,Sedan,3,Hybrid,6,1308
762,Land Rover,Range Rover,1998,Goldenrod,Hybrid,3,Diesel,8,1124
763,Mercedes-Benz,S-Class,1988,Red,Hybrid,3,Electric,12,1337
764,Mazda,626,1998,Goldenrod,Hybrid,2,Hybrid,4,1627
765,Chevrolet,Colorado,2005,Goldenrod,Van,3,Diesel,4,1932
766,Chevrolet,Suburban,2009,Puce,Sedan,3,Electric,6,1840
767,Aston Martin,DBS,2008,Indigo,Convertible,3,Hybrid,8,1121
768,Subaru,Alcyone SVX,1995,Turquoise,Minivan,3,Electric,4,2614
769,Mercedes-Benz,SL-Class,1989,Aquamarine,Van,3,Hybrid,8,1388
770,Toyota,Tercel,1996,Maroon,SUV,2,Hybrid,6,2296
771,Lincoln,Blackwood,2002,Yellow,Convertible,2,Hybrid,12,1805
772,Infiniti,M,2008,Indigo,Convertible,2,Diesel,3,1773
773,Suzuki,Vitara,2000,Violet,Sedan,3,Diesel,12,2897
774,Oldsmobile,Achieva,1996,Khaki,Hybrid,2,Gas,12,1139
775,Acura,TSX,2007,Orange,Van,2,Diesel,4,2725
776,Austin,Mini Cooper,1964,Goldenrod,Coupe,3,Gas,4,1287
777,Ford,Escape,2013,Turquoise,Van,3,Diesel,8,1943
778,Ford,E-Series,1991,Pink,Hybrid,3,Gas,4,1658
779,Saab,9-3,1999,Khaki,Minivan,2,Hybrid,4,1590
780,Suzuki,Vitara,2003,Maroon,Truck,2,Diesel,3,1703
781,GMC,Savana 2500,2007,Yellow,Hatchback,3,Hybrid,8,2449
782,Kia,Optima,2012,Green,Sedan,3,Hybrid,12,2028
783,Infiniti,Q,1993,Goldenrod,Sedan,3,Diesel,8,2620
784,Mazda,MX-5,2009,Goldenrod,Station Wagon,3,Gas,3,1167
785,Chrysler,Town & Country,2006,Orange,Station Wagon,3,Diesel,3,1937
786,Pontiac,LeMans,1989,Orange,Van,3,Gas,12,1788
787,Nissan,Frontier,2003,Indigo,Hatchback,3,Gas,4,1358
788,Mitsubishi,Chariot,1986,Khaki,Hybrid,2,Gas,12,1820
789,Cadillac,SRX,2005,Purple,Sedan,2,Hybrid,4,1567
790,Cadillac,Seville,1999,Fuscia,Truck,2,Hybrid,4,1280
791,Mitsubishi,GTO,1993,Maroon,Minivan,3,Diesel,6,1981
792,Mercury,Grand Marquis,1999,Goldenrod,Coupe,3,Hybrid,6,2037
793,Geo,Prizm,1997,Indigo,SUV,3,Electric,8,1390
794,Chevrolet,Classic,2005,Fuscia,Truck,2,Electric,3,1703
795,Dodge,Ram 3500,2001,Puce,Station Wagon,3,Diesel,8,1491
796,Mercedes-Benz,SL-Class,2001,Turquoise,Station Wagon,3,Hybrid,3,1285
797,GMC,2500,1998,Maroon,Hatchback,2,Electric,3,1758
798,Acura,RL,2000,Yellow,Coupe,3,Electric,12,1439
799,Volkswagen,Jetta,1999,Green,Hatchback,2,Diesel,12,2364
800,Mercedes-Benz,E-Class,1997,Indigo,SUV,3,Gas,8,1242
801,GMC,Savana 3500,2002,Violet,SUV,2,Hybrid,12,1166
802,Chevrolet,Silverado 1500,1999,Goldenrod,Sedan,2,Hybrid,12,2828
803,Mitsubishi,Chariot,1994,Indigo,Hatchback,3,Electric,8,2603
804,Jeep,Commander,2009,Khaki,SUV,2,Diesel,4,1044
805,Toyota,Echo,2001,Turquoise,Convertible,3,Hybrid,8,1298
806,Volkswagen,Golf,2004,Violet,Truck,3,Electric,4,1662
807,Mazda,Tribute,2002,Orange,Station Wagon,3,Hybrid,8,2620
808,Chrysler,LHS,1996,Red,SUV,2,Gas,12,2122
809,Toyota,Sienna,2008,Goldenrod,SUV,2,Diesel,8,2448
810,Chevrolet,TrailBlazer,2006,Blue,Convertible,3,Gas,8,1679
811,Volkswagen,Touareg,2009,Khaki,Van,3,Diesel,6,1453
812,BMW,3 Series,2006,Turquoise,Convertible,2,Electric,3,1029
813,Acura,ZDX,2010,Crimson,Station Wagon,2,Diesel,8,1469
814,Nissan,Sentra,2010,Indigo,Van,2,Diesel,3,2504
815,Lincoln,Town Car,2005,Indigo,Truck,2,Gas,4,2356
816,Dodge,Caliber,2009,Puce,Convertible,3,Electric,8,1638
817,Mazda,Miata MX-5,2011,Pink,SUV,2,Electric,12,1747
818,Oldsmobile,Achieva,1997,Crimson,Hybrid,2,Diesel,8,2349
819,Ford,Ranger,1991,Orange,Hatchback,3,Gas,8,2497
820,Pontiac,Trans Sport,1991,Maroon,Sedan,3,Gas,3,1674
821,Chevrolet,Monte Carlo,1973,Goldenrod,Sedan,2,Gas,3,2270
822,Cadillac,Seville,1998,Turquoise,Sedan,2,Gas,6,1895
823,Toyota,Tacoma,2000,Khaki,SUV,2,Hybrid,12,2065
824,Suzuki,Grand Vitara,1999,Violet,Minivan,3,Hybrid,4,2932
825,Acura,TSX,2008,Violet,Hybrid,2,Electric,3,1348
826,Lincoln,Continental Mark VII,1987,Purple,Hatchback,3,Diesel,4,1408
827,Honda,Passport,2000,Crimson,Convertible,3,Hybrid,6,2851
828,Mercury,Cougar,1994,Maroon,Minivan,2,Electric,4,2487
829,Pontiac,Grand Prix,2000,Maroon,Sedan,3,Gas,8,1247
830,BMW,X6,2011,Aquamarine,Coupe,2,Diesel,12,2598
831,Ford,Transit Connect,2012,Fuscia,Van,2,Gas,4,2181
832,Ford,Bronco II,1985,Violet,Sedan,2,Electric,12,1260
833,Ford,Aerostar,1987,Purple,SUV,3,Diesel,12,1857
834,Land Rover,Defender 90,1994,Puce,Sedan,2,Hybrid,8,2412
835,Chevrolet,Beretta,1992,Crimson,SUV,3,Gas,4,2827
836,Infiniti,G,2002,Pink,SUV,2,Electric,3,1066
837,BMW,8 Series,1997,Turquoise,SUV,3,Diesel,4,2981
838,Chevrolet,Avalanche 1500,2004,Crimson,Hybrid,2,Diesel,4,1808
839,Dodge,D250,1993,Red,Sedan,2,Gas,8,1450
840,Lincoln,Mark VIII,1997,Turquoise,Sedan,3,Hybrid,6,1768
841,Nissan,Frontier,2009,Maroon,Van,3,Gas,3,2130
842,Ford,Explorer,1993,Purple,Coupe,2,Electric,4,1586
843,Volkswagen,Passat,1985,Violet,Sedan,2,Hybrid,4,1079
844,Kia,Forte,2011,Khaki,Coupe,3,Gas,8,1193
845,Mazda,Mazda3,2009,Teal,Hatchback,3,Gas,12,2280
846,GMC,Vandura G2500,1995,Crimson,SUV,3,Diesel,3,2788
847,Pontiac,6000,1989,Turquoise,Van,3,Hybrid,6,2415
848,Chevrolet,Malibu,2005,Orange,Minivan,2,Electric,4,2176
849,GMC,Savana 2500,2002,Puce,SUV,3,Electric,6,2853
850,Jeep,Wrangler,1992,Purple,Convertible,3,Diesel,12,1429
851,BMW,M3,1995,Maroon,Hatchback,2,Hybrid,8,2851
852,Mitsubishi,Expo LRV,1996,Indigo,Minivan,2,Gas,12,2941
853,Oldsmobile,Silhouette,2001,Red,Coupe,3,Diesel,8,2387
854,GMC,Sierra 2500,2008,Aquamarine,Convertible,3,Gas,12,1891
855,Infiniti,QX56,2008,Fuscia,Convertible,2,Hybrid,8,1952
856,Saturn,VUE,2002,Blue,SUV,2,Electric,8,1027
857,Acura,TL,2003,Orange,Coupe,2,Gas,12,2447
858,Lincoln,Mark VIII,1994,Goldenrod,Truck,2,Electric,4,1627
859,Cadillac,DTS,2011,Purple,Hatchback,3,Electric,12,2191
860,GMC,1500,1996,Turquoise,Convertible,2,Hybrid,3,2260
861,Dodge,Caravan,2010,Goldenrod,Minivan,3,Diesel,8,1290
862,Honda,Odyssey,1998,Violet,Hatchback,2,Diesel,3,2382
863,Lincoln,Navigator,2006,Crimson,Van,3,Diesel,4,2547
864,Jeep,Cherokee,1996,Red,Sedan,3,Gas,3,2424
865,Subaru,Brat,1984,Blue,Hybrid,3,Diesel,12,2238
866,Nissan,Versa,2010,Blue,Sedan,2,Diesel,6,1952
867,Buick,Riviera,1993,Yellow,SUV,3,Gas,8,1562
868,Ford,F150,1994,Pink,SUV,3,Gas,12,1942
869,Acura,RSX,2005,Orange,Hybrid,3,Gas,4,2572
870,Volkswagen,Cabriolet,1986,Teal,Convertible,2,Gas,4,2360
871,Audi,4000,1987,Fuscia,Van,2,Electric,4,2081
872,Ford,GT,2005,Orange,Hatchback,2,Diesel,6,2798
873,Saturn,S-Series,2000,Puce,Sedan,3,Diesel,4,1398
874,Mercedes-Benz,C-Class,2010,Aquamarine,Hatchback,2,Gas,3,1967
875,Chrysler,Sebring,2000,Maroon,SUV,2,Gas,6,2034
876,Dodge,Avenger,2008,Green,Minivan,3,Hybrid,8,1179
877,Cadillac,Seville,2004,Blue,Truck,3,Hybrid,3,1175
878,Lincoln,Navigator,2008,Purple,Convertible,3,Hybrid,8,2817
879,Mercedes-Benz,400E,1993,Puce,SUV,2,Hybrid,12,1759
880,Jaguar,XJ Series,1998,Pink,Hybrid,2,Gas,12,1741
881,Lincoln,Town Car,1989,Violet,Minivan,2,Hybrid,6,2464
882,Hyundai,Scoupe,1992,Aquamarine,Convertible,3,Diesel,8,1976
883,BMW,8 Series,1992,Pink,SUV,3,Gas,6,2851
884,Lamborghini,Diablo,1998,Crimson,Sedan,2,Gas,12,2049
885,Infiniti,IPL G,2011,Purple,Convertible,3,Diesel,12,1789
886,Mazda,B-Series Plus,1993,Teal,SUV,2,Gas,4,1141
887,Cadillac,STS-V,2006,Green,Convertible,3,Electric,3,1654
888,Saab,9-5,2008,Indigo,Convertible,3,Diesel,12,1639
889,Lexus,GS,2008,Teal,Minivan,2,Gas,6,2673
890,Kia,Carens,2008,Crimson,Hybrid,3,Electric,6,1760
891,Mercury,Villager,1993,Crimson,Coupe,2,Hybrid,12,2977
892,Chevrolet,Suburban 1500,1992,Khaki,Sedan,3,Gas,4,2555
893,BMW,3 Series,2000,Purple,Hybrid,3,Diesel,12,2198
894,Pontiac,Grand Am,2002,Mauv,Sedan,2,Electric,12,2670
895,Chrysler,300,2012,Mauv,Hybrid,2,Hybrid,4,1761
896,BMW,M6,2006,Fuscia,Convertible,2,Gas,12,1419
897,Jeep,Wrangler,2001,Mauv,Hatchback,2,Hybrid,12,2322
898,Porsche,Cayenne,2004,Goldenrod,Station Wagon,2,Diesel,8,2841
899,Plymouth,Acclaim,1992,Violet,Truck,3,Diesel,4,1271
900,Volkswagen,GTI,1998,Teal,Minivan,2,Gas,12,1482
901,Mercury,Tracer,1993,Maroon,Sedan,3,Diesel,8,1947
902,Toyota,Camry,2006,Blue,Minivan,2,Electric,4,2483
903,Pontiac,Trans Sport,1996,Blue,Hatchback,3,Electric,12,2144
904,BMW,Z8,2003,Goldenrod,Van,2,Gas,4,2725
905,Acura,TL,1995,Red,Minivan,2,Diesel,6,2291
906,Ford,Expedition,2006,Fuscia,Station Wagon,3,Hybrid,6,1393
907,Jaguar,X-Type,2002,Goldenrod,Convertible,3,Diesel,8,2475
908,Chrysler,Town & Country,2012,Mauv,Coupe,2,Gas,6,2979
909,Mazda,MPV,1994,Mauv,SUV,3,Diesel,12,1428
910,Ford,Tempo,1992,Violet,Station Wagon,2,Diesel,12,1088
911,Mercedes-Benz,CLS-Class,2006,Khaki,Van,2,Gas,8,2174
912,Chevrolet,G-Series 2500,1997,Indigo,Sedan,3,Hybrid,4,1847
913,Infiniti,Q,2004,Maroon,Hybrid,2,Hybrid,4,2174
914,Land Rover,Discovery,2002,Turquoise,Van,2,Hybrid,4,2895
915,Honda,Accord,1991,Khaki,Minivan,2,Electric,8,1960
916,Mazda,Miata MX-5,2004,Puce,Minivan,2,Hybrid,12,1711
917,Buick,Park Avenue,2004,Purple,Station Wagon,3,Diesel,12,1177
918,Buick,Regal,1999,Green,Truck,3,Hybrid,8,1015
919,Pontiac,Bonneville,1987,Aquamarine,Minivan,3,Gas,8,2164
920,Chevrolet,Corvette,1962,Mauv,Hatchback,3,Gas,6,2089
921,Lincoln,Continental,1993,Indigo,SUV,3,Diesel,6,2444
922,Ford,Expedition EL,2008,Orange,Convertible,2,Electric,8,2561
923,Pontiac,Grand Am,1999,Khaki,Minivan,3,Diesel,6,1035
924,Mercedes-Benz,M-Class,2012,Mauv,Station Wagon,2,Electric,4,2690
925,Pontiac,Bonneville,1998,Fuscia,Hatchback,3,Diesel,4,2864
926,Geo,Tracker,1994,Aquamarine,Van,3,Hybrid,4,2214
927,Mercury,Capri,1984,Crimson,Truck,2,Electric,6,2805
928,Mazda,B-Series,1989,Aquamarine,SUV,2,Electric,3,2073
929,GMC,Sierra 2500,2005,Blue,Convertible,3,Gas,6,2347
930,Pontiac,Parisienne,1986,Teal,Truck,2,Electric,6,2873
931,Saturn,VUE,2006,Fuscia,Hybrid,2,Diesel,6,2493
932,Chevrolet,Tahoe,1997,Teal,Convertible,2,Electric,4,1816
933,Mercedes-Benz,W201,1993,Green,Hatchback,3,Gas,12,1880
934,Cadillac,DeVille,2001,Purple,Station Wagon,2,Gas,6,1505
935,Subaru,Brat,1984,Pink,Coupe,2,Hybrid,12,1422
936,Lamborghini,Gallardo,2008,Mauv,Minivan,2,Electric,8,2509
937,GMC,Suburban 1500,1995,Goldenrod,Hatchback,2,Electric,6,1564
938,Ford,F350,2007,Goldenrod,Van,2,Diesel,6,2755
939,Lamborghini,Diablo,1997,Puce,Van,2,Gas,3,1907
940,Pontiac,Sunfire,2001,Turquoise,Van,2,Diesel,4,2759
941,Buick,Roadmaster,1991,Green,Sedan,2,Diesel,3,2491
942,Volkswagen,Passat,2010,Purple,Truck,2,Hybrid,12,1812
943,Lexus,IS F,2008,Violet,Van,3,Diesel,6,2825
944,Mercedes-Benz,CL-Class,2006,Purple,Hatchback,2,Hybrid,8,2282
945,Volvo,C70,2008,Maroon,Convertible,2,Diesel,8,1361
946,Lexus,GS,1998,Violet,Hybrid,3,Hybrid,3,2093
947,Suzuki,Samurai,1992,Aquamarine,Truck,2,Gas,4,1415
948,Mazda,B-Series Plus,2004,Khaki,SUV,3,Electric,6,1215
949,GMC,Rally Wagon 1500,1993,Crimson,Minivan,2,Gas,4,2487
950,Dodge,Caliber,2008,Puce,Minivan,3,Gas,3,2530
951,BMW,M Roadster,2006,Teal,Hatchback,3,Electric,8,2564
952,Cadillac,XLR-V,2009,Blue,Coupe,3,Electric,8,2914
953,Mazda,MX-6,1989,Green,Hatchback,3,Diesel,3,1033
954,Subaru,Outback,2010,Crimson,Coupe,3,Diesel,4,1068
955,Jeep,Grand Cherokee,1998,Violet,SUV,2,Diesel,6,1969
956,Ford,F250,2007,Indigo,Convertible,2,Hybrid,8,1729
957,Chevrolet,Volt,2011,Crimson,Hybrid,3,Diesel,4,1022
958,Suzuki,Daewoo Lacetti,2007,Goldenrod,Van,3,Electric,8,2466
959,Toyota,Matrix,2010,Violet,Minivan,2,Hybrid,8,2778
960,Ford,F-Series Super Duty,2007,Purple,Hybrid,2,Electric,3,2155
961,Nissan,Altima,1993,Puce,Sedan,3,Electric,4,2964
962,Plymouth,Voyager,1997,Fuscia,Hybrid,3,Electric,12,2052
963,Toyota,Venza,2012,Indigo,Coupe,2,Gas,6,2214
964,Chrysler,Voyager,2001,Teal,Minivan,3,Diesel,12,1742
965,Toyota,Tacoma,2011,Fuscia,Van,3,Diesel,3,1784
966,Suzuki,SJ 410,1984,Blue,Convertible,3,Hybrid,12,2989
967,Geo,Metro,1992,Khaki,Van,2,Hybrid,8,2921
968,Lotus,Esprit,2004,Purple,Truck,2,Hybrid,4,1285
969,Chevrolet,Cobalt SS,2009,Goldenrod,Truck,3,Diesel,8,2312
970,Mercury,Marauder,2003,Puce,Coupe,2,Diesel,12,2891
971,Lexus,SC,1994,Indigo,Station Wagon,2,Gas,4,2925
972,Infiniti,G,2008,Blue,Van,2,Electric,12,1706
973,Ford,Escort,1985,Aquamarine,SUV,3,Diesel,12,2367
974,Volkswagen,Fox,1993,Khaki,Hybrid,2,Gas,4,2144
975,Mazda,MPV,1989,Red,Sedan,2,Diesel,3,1681
976,Ford,Mustang,1972,Khaki,Minivan,2,Electric,12,2757
977,Pontiac,Grand Prix,1963,Mauv,Truck,3,Electric,3,1160
978,Rolls-Royce,Phantom,2009,Aquamarine,Station Wagon,3,Electric,8,1498
979,Land Rover,LR4,2012,Yellow,Station Wagon,3,Electric,12,1976
980,Chevrolet,Suburban 2500,2005,Yellow,Station Wagon,2,Gas,3,2745
981,Mitsubishi,Montero Sport,2002,Mauv,SUV,3,Electric,12,2934
982,Chevrolet,Caprice,1992,Turquoise,Truck,3,Diesel,4,2510
983,Honda,S2000,2007,Puce,Station Wagon,3,Gas,4,1417
984,GMC,Yukon,1996,Indigo,Hybrid,3,Diesel,4,1908
985,Ford,Escort,1989,Goldenrod,Hybrid,2,Electric,4,2648
986,Mercury,Cougar,1994,Mauv,Station Wagon,2,Electric,6,2207
987,Toyota,Celica,1995,Khaki,Hybrid,2,Diesel,3,1453
988,GMC,Yukon,2007,Blue,Van,3,Electric,3,2063
989,Mercedes-Benz,S-Class,2012,Puce,Convertible,2,Electric,3,2355
990,Plymouth,Reliant,1981,Goldenrod,Convertible,3,Electric,4,1074
991,Nissan,Versa,2012,Yellow,Hybrid,2,Gas,8,1887
992,Mitsubishi,Raider,2006,Turquoise,Station Wagon,2,Gas,4,1134
993,Volvo,V70,2004,Indigo,SUV,2,Hybrid,6,1329
994,Pontiac,Grand Am,1994,Puce,SUV,3,Hybrid,12,2854
995,GMC,Sierra 2500,2011,Teal,Hybrid,3,Hybrid,4,2260
996,Ford,Taurus,1990,Orange,Convertible,3,Gas,8,2852
997,Dodge,Charger,2007,Green,Hybrid,2,Hybrid,4,1274
998,Pontiac,LeMans,1968,Fuscia,Truck,2,Diesel,3,2008
999,Dodge,Sprinter,2008,Maroon,Truck,2,Diesel,8,1542
1000,Dodge,Caliber,2009,Purple,Hybrid,3,Electric,6,2482
